hour,tree_index,node_id,depth,feature,feature_index,threshold,feature_type,days_back
0,0,0,0,dSocdt_h23_day_minus1,699,-5.25979996,dSocdt,1
0,0,1,1,Soc_h23_day_minus1,723,18.1438007,Soc,1
0,0,2,1,dSocdt_h4_day_minus1,680,-0.591300011,dSocdt,1
0,1,0,0,dSocdt_h23_day_minus1,699,-5.25979996,dSocdt,1
0,1,1,1,Soc_h22_day_minus1,722,42.7268982,Soc,1
0,1,2,1,dSocdt_h20_day_minus1,696,-7.55439997,dSocdt,1
0,2,0,0,dSocdt_h23_day_minus1,699,-7.61210012,dSocdt,1
0,2,1,1,Soc_h22_day_minus1,722,42.7695999,Soc,1
0,2,2,1,dSocdt_h20_day_minus1,696,-3.16020012,dSocdt,1
0,3,0,0,dSocdt_h23_day_minus1,699,-6.07889986,dSocdt,1
0,3,1,1,Soc_h23_day_minus1,723,29.0039997,Soc,1
0,3,2,1,dSocdt_h4_day_minus1,680,-0.591300011,dSocdt,1
0,4,0,0,dSocdt_h23_day_minus1,699,-7.64599991,dSocdt,1
0,4,1,1,Soc_h22_day_minus1,722,42.7695999,Soc,1
0,4,2,1,dSocdt_h4_day_minus1,680,-0.591300011,dSocdt,1
0,5,0,0,dSocdt_h4_day_minus1,680,-0.591300011,dSocdt,1
0,5,1,1,dSocdt_h23_day_minus5,491,-11.5326996,dSocdt,5
0,5,2,1,dSocdt_h12_day_minus1,688,-0.910600007,dSocdt,1
0,6,0,0,dSocdt_h4_day_minus1,680,-0.591300011,dSocdt,1
0,6,1,1,Soc_h23_day_minus1,723,26.4253006,Soc,1
0,6,2,1,dSocdt_h19_day_minus1,695,-2.01909995,dSocdt,1
0,7,0,0,dSocdt_h4_day_minus1,680,-0.591300011,dSocdt,1
0,7,1,1,dSocdt_h0_day_minus4,520,-8.33699989,dSocdt,4
0,7,2,1,dSocdt_h23_day_minus2,647,-2.69370008,dSocdt,2
0,8,0,0,dSocdt_h23_day_minus1,699,-7.64599991,dSocdt,1
0,8,1,1,Soc_h22_day_minus1,722,42.7695999,Soc,1
0,8,2,1,dSocdt_h20_day_minus1,696,-7.91410017,dSocdt,1
0,9,0,0,dSocdt_h5_day_minus1,681,-0.717700005,dSocdt,1
0,9,1,1,Soc_h22_day_minus1,722,26.1182003,Soc,1
0,9,2,1,dSocdt_h14_day_minus1,690,-1.78840005,dSocdt,1
0,10,0,0,dSocdt_h23_day_minus1,699,-7.64599991,dSocdt,1
0,10,1,1,Soc_h22_day_minus1,722,42.7268982,Soc,1
0,10,2,1,dSocdt_h23_day_minus3,595,-10.5640001,dSocdt,3
0,11,0,0,dSocdt_h23_day_minus1,699,-5.25979996,dSocdt,1
0,11,1,1,Soc_h22_day_minus1,722,26.1182003,Soc,1
0,11,2,1,dSocdt_h21_day_minus1,697,-8.85319996,dSocdt,1
0,12,0,0,dSocdt_h23_day_minus1,699,-7.64599991,dSocdt,1
0,12,1,1,Soc_h22_day_minus1,722,42.7268982,Soc,1
0,12,2,1,dSocdt_h20_day_minus1,696,-7.55439997,dSocdt,1
0,13,0,0,dSocdt_h23_day_minus1,699,-5.25979996,dSocdt,1
0,13,1,1,Soc_h23_day_minus1,723,17.3327007,Soc,1
0,13,2,1,dSocdt_h21_day_minus1,697,-8.85319996,dSocdt,1
0,14,0,0,dSocdt_h23_day_minus1,699,-7.64599991,dSocdt,1
0,14,1,1,Soc_h22_day_minus1,722,43.9389992,Soc,1
0,14,2,1,dSocdt_h23_day_minus3,595,-10.5640001,dSocdt,3
0,15,0,0,dSocdt_h23_day_minus1,699,-8.24860001,dSocdt,1
0,15,1,1,Soc_h22_day_minus1,722,43.9389992,Soc,1
0,15,2,1,dSocdt_h23_day_minus3,595,-13.5677004,dSocdt,3
0,16,0,0,dSocdt_h23_day_minus1,699,-3.04699993,dSocdt,1
0,16,1,1,Soc_h22_day_minus1,722,26.1182003,Soc,1
0,16,2,1,dSocdt_h21_day_minus1,697,-8.94029999,dSocdt,1
0,17,0,0,dSocdt_h4_day_minus1,680,-0.591300011,dSocdt,1
0,17,1,1,dSocdt_h23_day_minus5,491,-11.9523001,dSocdt,5
0,17,2,1,dSocdt_h12_day_minus1,688,-10.9730997,dSocdt,1
0,18,0,0,dSocdt_h23_day_minus1,699,-2.5927999,dSocdt,1
0,18,1,1,Soc_h23_day_minus1,723,15.7732,Soc,1
0,18,2,1,dSocdt_h17_day_minus1,693,-11.2728004,dSocdt,1
0,19,0,0,dSocdt_h23_day_minus1,699,-8.32820034,dSocdt,1
0,19,1,1,Soc_h22_day_minus1,722,43.9389992,Soc,1
0,19,2,1,dSocdt_h20_day_minus1,696,-7.91410017,dSocdt,1
0,20,0,0,dSocdt_h4_day_minus1,680,-0.591300011,dSocdt,1
0,20,1,1,dSocdt_h0_day_minus4,520,-14.0193005,dSocdt,4
0,20,2,1,dSocdt_h19_day_minus3,591,-14.4544001,dSocdt,3
0,21,0,0,dSocdt_h1_day_minus1,677,-1.50619996,dSocdt,1
0,21,1,1,Soc_h22_day_minus1,722,26.1182003,Soc,1
0,21,2,1,month_day_minus1,726,6.0,Date,1
0,22,0,0,dSocdt_h20_day_minus2,644,-6.03100014,dSocdt,2
0,22,1,1,Soc_h19_day_minus1,719,13.0257998,Soc,1
0,22,2,1,dSocdt_h23_day_minus1,699,-2.82929993,dSocdt,1
0,23,0,0,dSocdt_h23_day_minus1,699,-8.24860001,dSocdt,1
0,23,1,1,Soc_h22_day_minus1,722,43.9389992,Soc,1
0,23,2,1,dSocdt_h23_day_minus3,595,-11.9990997,dSocdt,3
0,24,0,0,dSocdt_h20_day_minus2,644,-5.90240002,dSocdt,2
0,24,1,1,Soc_h19_day_minus1,719,13.0257998,Soc,1
0,24,2,1,dSocdt_h22_day_minus2,646,-9.81770039,dSocdt,2
1,0,0,0,dSocdt_h3_day_minus1,679,-0.747600019,dSocdt,1
1,0,1,1,Soc_h15_day_minus1,715,4.32620001,Soc,1
1,0,2,1,dSocdt_h15_day_minus1,691,-0.275200009,dSocdt,1
1,1,0,0,dSocdt_h4_day_minus1,680,-0.362500012,dSocdt,1
1,1,1,1,dSocdt_h0_day_minus1,676,-7.63450003,dSocdt,1
1,1,2,1,dSocdt_h23_day_minus1,699,-0.820900023,dSocdt,1
1,2,0,0,dSocdt_h6_day_minus1,682,-0.717700005,dSocdt,1
1,2,1,1,Soc_h16_day_minus1,716,4.10680008,Soc,1
1,2,2,1,dSocdt_h11_day_minus1,687,-0.275200009,dSocdt,1
1,3,0,0,dSocdt_h3_day_minus1,679,-0.9278,dSocdt,1
1,3,1,1,Soc_h9_day_minus2,657,42.5285988,Soc,2
1,3,2,1,dSocdt_h15_day_minus1,691,-0.275200009,dSocdt,1
1,4,0,0,dSocdt_h4_day_minus1,680,-0.719200015,dSocdt,1
1,4,1,1,Soc_h15_day_minus1,715,4.32620001,Soc,1
1,4,2,1,dSocdt_h14_day_minus1,690,-0.275200009,dSocdt,1
1,5,0,0,dSocdt_h3_day_minus1,679,-0.9278,dSocdt,1
1,5,1,1,Soc_h9_day_minus2,657,42.5285988,Soc,2
1,5,2,1,dSocdt_h15_day_minus1,691,-0.275200009,dSocdt,1
1,6,0,0,dSocdt_h0_day_minus1,676,-2.93930006,dSocdt,1
1,6,1,1,dSocdt_h5_day_minus1,681,-2.10109997,dSocdt,1
1,6,2,1,dSocdt_h11_day_minus1,687,-6.8362999,dSocdt,1
1,7,0,0,dSocdt_h3_day_minus1,679,-0.9278,dSocdt,1
1,7,1,1,Soc_h23_day_minus1,723,30.2779007,Soc,1
1,7,2,1,dSocdt_h20_day_minus1,696,-1.58809996,dSocdt,1
1,8,0,0,dSocdt_h3_day_minus1,679,-0.747600019,dSocdt,1
1,8,1,1,Soc_h15_day_minus1,715,4.32620001,Soc,1
1,8,2,1,dSocdt_h5_day_minus1,681,-3.63429999,dSocdt,1
1,9,0,0,dSocdt_h4_day_minus2,628,-0.719200015,dSocdt,2
1,9,1,1,dSocdt_h19_day_minus1,695,-8.3362999,dSocdt,1
1,9,2,1,dSocdt_h18_day_minus1,694,-0.724799991,dSocdt,1
1,10,0,0,dSocdt_h0_day_minus1,676,-2.93930006,dSocdt,1
1,10,1,1,dSocdt_h5_day_minus1,681,-2.10109997,dSocdt,1
1,10,2,1,dSocdt_h23_day_minus1,699,-1.22109997,dSocdt,1
1,11,0,0,dSocdt_h3_day_minus1,679,-0.9278,dSocdt,1
1,11,1,1,Soc_h16_day_minus1,716,16.9365005,Soc,1
1,11,2,1,dSocdt_h23_day_minus1,699,-0.820900023,dSocdt,1
1,12,0,0,dSocdt_h3_day_minus1,679,-0.9278,dSocdt,1
1,12,1,1,Soc_h14_day_minus1,714,9.9034996,Soc,1
1,12,2,1,dSocdt_h15_day_minus1,691,-0.275200009,dSocdt,1
1,13,0,0,dSocdt_h0_day_minus1,676,-2.93930006,dSocdt,1
1,13,1,1,dSocdt_h5_day_minus1,681,-2.10109997,dSocdt,1
1,13,2,1,dSocdt_h11_day_minus1,687,-6.8362999,dSocdt,1
1,14,0,0,dSocdt_h0_day_minus1,676,-2.93930006,dSocdt,1
1,14,1,1,dSocdt_h22_day_minus1,698,0.0,dSocdt,1
1,14,2,1,dSocdt_h22_day_minus2,646,-5.12410021,dSocdt,2
1,15,0,0,dSocdt_h0_day_minus1,676,-4.07569981,dSocdt,1
1,15,1,1,dSocdt_h5_day_minus1,681,-1.99950004,dSocdt,1
1,15,2,1,dSocdt_h23_day_minus1,699,-1.25010002,dSocdt,1
1,16,0,0,dSocdt_h3_day_minus1,679,-1.3585,dSocdt,1
1,16,1,1,dSocdt_h13_day_minus1,689,-10.4870005,dSocdt,1
1,16,2,1,dSocdt_h0_day_minus1,676,-5.91200018,dSocdt,1
1,17,0,0,dSocdt_h3_day_minus1,679,-0.959699988,dSocdt,1
1,17,1,1,Soc_h23_day_minus1,723,30.2779007,Soc,1
1,17,2,1,dSocdt_h0_day_minus2,624,-2.77839994,dSocdt,2
1,18,0,0,dSocdt_h5_day_minus2,629,-0.855599999,dSocdt,2
1,18,1,1,Soc_h8_day_minus1,708,9.14050007,Soc,1
1,18,2,1,dSocdt_h20_day_minus1,696,-9.25689983,dSocdt,1
1,19,0,0,dSocdt_h3_day_minus1,679,-1.3585,dSocdt,1
1,19,1,1,dSocdt_h13_day_minus1,689,-10.4870005,dSocdt,1
1,19,2,1,dSocdt_h0_day_minus1,676,-8.00469971,dSocdt,1
1,20,0,0,dSocdt_h3_day_minus1,679,-1.3585,dSocdt,1
1,20,1,1,dSocdt_h23_day_minus2,647,-18.5624008,dSocdt,2
1,20,2,1,dSocdt_h1_day_minus2,625,-1.65779996,dSocdt,2
1,21,0,0,dSocdt_h5_day_minus2,629,-0.855599999,dSocdt,2
1,21,1,1,Soc_h23_day_minus1,723,30.2779007,Soc,1
1,21,2,1,dSocdt_h3_day_minus3,575,-9.70909977,dSocdt,3
1,22,0,0,dSocdt_h6_day_minus1,682,-0.781599998,dSocdt,1
1,22,1,1,Soc_h17_day_minus1,717,9.30010033,Soc,1
1,22,2,1,dSocdt_h13_day_minus1,689,-8.98579979,dSocdt,1
1,23,0,0,dSocdt_h0_day_minus1,676,-4.07569981,dSocdt,1
1,23,1,1,dSocdt_h8_day_minus1,684,-1.48619998,dSocdt,1
1,23,2,1,dSocdt_h23_day_minus1,699,-1.25010002,dSocdt,1
1,24,0,0,dSocdt_h19_day_minus1,695,-8.3362999,dSocdt,1
1,24,1,1,Soc_h23_day_minus1,723,52.5474014,Soc,1
1,24,2,1,dSocdt_h0_day_minus1,676,-5.90390015,dSocdt,1
2,0,0,0,dSocdt_h6_day_minus1,682,-0.371899992,dSocdt,1
2,0,1,1,dSocdt_h2_day_minus1,678,-5.3519001,dSocdt,1
2,0,2,1,day_day_minus1,725,27.0,Date,1
2,1,0,0,dSocdt_h6_day_minus1,682,-0.371899992,dSocdt,1
2,1,1,1,dSocdt_h2_day_minus1,678,-3.55360007,dSocdt,1
2,1,2,1,dSocdt_h22_day_minus1,698,-4.23670006,dSocdt,1
2,2,0,0,dSocdt_h6_day_minus1,682,-0.371899992,dSocdt,1
2,2,1,1,dSocdt_h2_day_minus1,678,-8.77470016,dSocdt,1
2,2,2,1,dSocdt_h22_day_minus1,698,-4.23670006,dSocdt,1
2,3,0,0,dSocdt_h4_day_minus1,680,-0.610199988,dSocdt,1
2,3,1,1,dSocdt_h2_day_minus1,678,-3.55360007,dSocdt,1
2,3,2,1,dSocdt_h23_day_minus1,699,-0.687699974,dSocdt,1
2,4,0,0,dSocdt_h4_day_minus1,680,-0.610199988,dSocdt,1
2,4,1,1,dSocdt_h2_day_minus2,626,-6.79209995,dSocdt,2
2,4,2,1,dSocdt_h23_day_minus1,699,-0.687699974,dSocdt,1
2,5,0,0,dSocdt_h6_day_minus1,682,-0.371899992,dSocdt,1
2,5,1,1,dSocdt_h3_day_minus1,679,-5.13199997,dSocdt,1
2,5,2,1,dSocdt_h9_day_minus1,685,-14.5230999,dSocdt,1
2,6,0,0,dSocdt_h6_day_minus1,682,-0.371899992,dSocdt,1
2,6,1,1,dSocdt_h2_day_minus2,626,-1.18410003,dSocdt,2
2,6,2,1,dSocdt_h22_day_minus1,698,-4.23670006,dSocdt,1
2,7,0,0,dSocdt_h3_day_minus1,679,-1.42410004,dSocdt,1
2,7,1,1,dSocdt_h2_day_minus2,626,-6.79209995,dSocdt,2
2,7,2,1,dSocdt_h7_day_minus2,631,-0.221399993,dSocdt,2
2,8,0,0,dSocdt_h3_day_minus1,679,-1.42410004,dSocdt,1
2,8,1,1,dSocdt_h2_day_minus2,626,-6.79209995,dSocdt,2
2,8,2,1,dSocdt_h3_day_minus2,627,-0.610800028,dSocdt,2
2,9,0,0,dSocdt_h7_day_minus1,683,-0.275200009,dSocdt,1
2,9,1,1,Soc_h9_day_minus2,657,15.4948997,Soc,2
2,9,2,1,day_day_minus1,725,27.0,Date,1
2,10,0,0,dSocdt_h3_day_minus1,679,-1.42410004,dSocdt,1
2,10,1,1,dSocdt_h2_day_minus2,626,-6.79209995,dSocdt,2
2,10,2,1,dSocdt_h3_day_minus2,627,-0.610800028,dSocdt,2
2,11,0,0,dSocdt_h4_day_minus1,680,-0.610199988,dSocdt,1
2,11,1,1,dSocdt_h1_day_minus2,625,-9.3114996,dSocdt,2
2,11,2,1,dSocdt_h23_day_minus1,699,-0.687699974,dSocdt,1
2,12,0,0,dSocdt_h3_day_minus1,679,-1.42410004,dSocdt,1
2,12,1,1,dSocdt_h2_day_minus2,626,-6.79209995,dSocdt,2
2,12,2,1,dSocdt_h7_day_minus2,631,-0.221399993,dSocdt,2
2,13,0,0,dSocdt_h2_day_minus2,626,-1.18410003,dSocdt,2
2,13,1,1,Soc_h9_day_minus2,657,19.2901001,Soc,2
2,13,2,1,dSocdt_h3_day_minus1,679,-2.55299997,dSocdt,1
2,14,0,0,dSocdt_h4_day_minus1,680,-0.610199988,dSocdt,1
2,14,1,1,dSocdt_h2_day_minus1,678,-8.46290016,dSocdt,1
2,14,2,1,dSocdt_h23_day_minus1,699,-0.687699974,dSocdt,1
2,15,0,0,dSocdt_h3_day_minus1,679,-1.52699995,dSocdt,1
2,15,1,1,Soc_h17_day_minus2,665,38.9492989,Soc,2
2,15,2,1,dSocdt_h0_day_minus1,676,-4.03630018,dSocdt,1
2,16,0,0,dSocdt_h2_day_minus2,626,-1.18410003,dSocdt,2
2,16,1,1,Soc_h9_day_minus2,657,19.2901001,Soc,2
2,16,2,1,dSocdt_h10_day_minus2,634,-14.4165001,dSocdt,2
2,17,0,0,dSocdt_h7_day_minus1,683,-0.480199993,dSocdt,1
2,17,1,1,Soc_h23_day_minus1,723,31.3437004,Soc,1
2,17,2,1,day_day_minus1,725,25.0,Date,1
2,18,0,0,dSocdt_h2_day_minus1,678,-8.46290016,dSocdt,1
2,18,1,1,dSocdt_h23_day_minus1,699,-3.1027,dSocdt,1
2,18,2,1,dSocdt_h2_day_minus2,626,-0.986599982,dSocdt,2
2,19,0,0,dSocdt_h3_day_minus1,679,-1.42410004,dSocdt,1
2,19,1,1,dSocdt_h2_day_minus2,626,-6.79209995,dSocdt,2
2,19,2,1,dSocdt_h2_day_minus1,678,-10.2467003,dSocdt,1
2,20,0,0,dSocdt_h7_day_minus1,683,-0.275200009,dSocdt,1
2,20,1,1,Soc_h16_day_minus1,716,5.82350016,Soc,1
2,20,2,1,day_day_minus2,673,26.0,Date,2
2,21,0,0,dSocdt_h7_day_minus1,683,-0.275200009,dSocdt,1
2,21,1,1,Soc_h23_day_minus1,723,31.1448002,Soc,1
2,21,2,1,day_day_minus1,725,27.0,Date,1
2,22,0,0,dSocdt_h3_day_minus1,679,-5.13199997,dSocdt,1
2,22,1,1,Soc_h13_day_minus1,713,74.5535965,Soc,1
2,22,2,1,dSocdt_h1_day_minus2,625,-3.92689991,dSocdt,2
2,23,0,0,dSocdt_h2_day_minus1,678,-2.33570004,dSocdt,1
2,23,1,1,Soc_h17_day_minus2,665,37.4068985,Soc,2
2,23,2,1,dSocdt_h0_day_minus1,676,-4.03630018,dSocdt,1
2,24,0,0,dSocdt_h10_day_minus1,686,-0.275200009,dSocdt,1
2,24,1,1,dSocdt_h1_day_minus1,677,-13.9995003,dSocdt,1
2,24,2,1,dSocdt_h9_day_minus1,685,-14.5230999,dSocdt,1
3,0,0,0,dSocdt_h4_day_minus1,680,-0.187399998,dSocdt,1
3,0,1,1,dSocdt_h10_day_minus2,634,-16.5018997,dSocdt,2
3,0,2,1,dSocdt_h23_day_minus1,699,-0.410400003,dSocdt,1
3,1,0,0,dSocdt_h5_day_minus1,681,-0.184,dSocdt,1
3,1,1,1,dSocdt_h19_day_minus5,487,-19.7397003,dSocdt,5
3,1,2,1,day_day_minus1,725,28.0,Date,1
3,2,0,0,dSocdt_h10_day_minus2,634,-16.5018997,dSocdt,2
3,2,1,1,dSocdt_h0_day_minus2,624,-10.4287996,dSocdt,2
3,2,2,1,dSocdt_h5_day_minus1,681,-0.184,dSocdt,1
3,3,0,0,dSocdt_h3_day_minus1,679,-1.15170002,dSocdt,1
3,3,1,1,dSocdt_h10_day_minus2,634,-12.4540005,dSocdt,2
3,3,2,1,dSocdt_h23_day_minus1,699,-0.574199975,dSocdt,1
3,4,0,0,dSocdt_h4_day_minus1,680,-0.187399998,dSocdt,1
3,4,1,1,dSocdt_h10_day_minus2,634,-16.5018997,dSocdt,2
3,4,2,1,Soc_h22_day_minus1,722,97.7827988,Soc,1
3,5,0,0,dSocdt_h3_day_minus1,679,-1.15170002,dSocdt,1
3,5,1,1,dSocdt_h10_day_minus2,634,-13.2930002,dSocdt,2
3,5,2,1,dSocdt_h7_day_minus2,631,-0.435600013,dSocdt,2
3,6,0,0,dSocdt_h10_day_minus2,634,-16.5018997,dSocdt,2
3,6,1,1,dSocdt_h0_day_minus2,624,-10.4287996,dSocdt,2
3,6,2,1,dSocdt_h6_day_minus1,682,-0.681999981,dSocdt,1
3,7,0,0,dSocdt_h3_day_minus1,679,-1.15170002,dSocdt,1
3,7,1,1,dSocdt_h3_day_minus1,679,-1.15460002,dSocdt,1
3,7,2,1,dSocdt_h7_day_minus2,631,-0.435600013,dSocdt,2
3,8,0,0,dSocdt_h3_day_minus1,679,-1.15170002,dSocdt,1
3,8,1,1,dSocdt_h10_day_minus2,634,-12.4540005,dSocdt,2
3,8,2,1,dSocdt_h23_day_minus1,699,-0.574199975,dSocdt,1
3,9,0,0,dSocdt_h10_day_minus2,634,-16.5018997,dSocdt,2
3,9,1,1,dSocdt_h0_day_minus2,624,-10.4287996,dSocdt,2
3,9,2,1,dSocdt_h5_day_minus1,681,-0.184,dSocdt,1
3,10,0,0,dSocdt_h5_day_minus1,681,-0.855599999,dSocdt,1
3,10,1,1,Soc_h6_day_minus1,706,91.7947998,Soc,1
3,10,2,1,dSocdt_h2_day_minus1,678,-10.2467003,dSocdt,1
3,11,0,0,dSocdt_h3_day_minus1,679,-1.15170002,dSocdt,1
3,11,1,1,dSocdt_h10_day_minus2,634,-12.4540005,dSocdt,2
3,11,2,1,dSocdt_h23_day_minus1,699,-2.89770007,dSocdt,1
3,12,0,0,dSocdt_h3_day_minus1,679,-5.96280003,dSocdt,1
3,12,1,1,dSocdt_h19_day_minus3,591,-13.1322002,dSocdt,3
3,12,2,1,dSocdt_h10_day_minus2,634,-16.5018997,dSocdt,2
3,13,0,0,day_day_minus1,725,24.0,Date,1
3,13,1,1,dSocdt_h5_day_minus1,681,-0.445199996,dSocdt,1
3,13,2,1,Soc_h17_day_minus4,561,97.7485962,Soc,4
3,14,0,0,dSocdt_h7_day_minus2,631,-0.466600001,dSocdt,2
3,14,1,1,dSocdt_h19_day_minus5,487,-19.7397003,dSocdt,5
3,14,2,1,dSocdt_h2_day_minus2,626,-11.1836004,dSocdt,2
3,15,0,0,dSocdt_h3_day_minus1,679,-5.96280003,dSocdt,1
3,15,1,1,dSocdt_h19_day_minus3,591,-13.1322002,dSocdt,3
3,15,2,1,day_day_minus1,725,25.0,Date,1
3,16,0,0,dSocdt_h3_day_minus1,679,-5.96280003,dSocdt,1
3,16,1,1,dSocdt_h19_day_minus3,591,-13.1322002,dSocdt,3
3,16,2,1,dSocdt_h3_day_minus2,627,-0.275200009,dSocdt,2
3,17,0,0,dSocdt_h10_day_minus2,634,-16.5018997,dSocdt,2
3,17,1,1,dSocdt_h0_day_minus2,624,-10.4287996,dSocdt,2
3,17,2,1,dSocdt_h2_day_minus2,626,-11.1836004,dSocdt,2
3,18,0,0,day_day_minus1,725,24.0,Date,1
3,18,1,1,dSocdt_h21_day_minus1,697,-19.8645992,dSocdt,1
3,18,2,1,Soc_h17_day_minus4,561,97.7485962,Soc,4
3,19,0,0,dSocdt_h3_day_minus1,679,-1.15170002,dSocdt,1
3,19,1,1,dSocdt_h10_day_minus2,634,-12.4540005,dSocdt,2
3,19,2,1,dSocdt_h23_day_minus1,699,-2.89770007,dSocdt,1
3,20,0,0,dSocdt_h7_day_minus2,631,-0.466600001,dSocdt,2
3,20,1,1,dSocdt_h19_day_minus5,487,-19.7397003,dSocdt,5
3,20,2,1,dSocdt_h2_day_minus2,626,-11.1836004,dSocdt,2
3,21,0,0,dSocdt_h3_day_minus1,679,-5.96280003,dSocdt,1
3,21,1,1,dSocdt_h7_day_minus1,683,-1.42820001,dSocdt,1
3,21,2,1,dSocdt_h10_day_minus2,634,-16.5018997,dSocdt,2
3,22,0,0,dSocdt_h2_day_minus2,626,-11.1836004,dSocdt,2
3,22,1,1,Soc_h10_day_minus2,658,18.6327,Soc,2
3,22,2,1,dSocdt_h3_day_minus1,679,-0.981000006,dSocdt,1
3,23,0,0,day_day_minus1,725,24.0,Date,1
3,23,1,1,dSocdt_h21_day_minus1,697,-19.8645992,dSocdt,1
3,23,2,1,Soc_h17_day_minus4,561,97.7485962,Soc,4
3,24,0,0,dSocdt_h2_day_minus2,626,-11.1836004,dSocdt,2
3,24,1,1,Soc_h10_day_minus2,658,18.6327,Soc,2
3,24,2,1,day_day_minus1,725,24.0,Date,1
4,0,0,0,dSocdt_h4_day_minus1,680,-0.362500012,dSocdt,1
4,0,1,1,Soc_h10_day_minus1,710,2.92840004,Soc,1
4,0,2,1,dSocdt_h23_day_minus1,699,-0.135800004,dSocdt,1
4,1,0,0,dSocdt_h5_day_minus1,681,-0.784500003,dSocdt,1
4,1,1,1,Soc_h10_day_minus1,710,2.92840004,Soc,1
4,1,2,1,dSocdt_h23_day_minus1,699,-0.135800004,dSocdt,1
4,2,0,0,dSocdt_h5_day_minus1,681,-0.784500003,dSocdt,1
4,2,1,1,Soc_h10_day_minus1,710,2.92840004,Soc,1
4,2,2,1,dSocdt_h6_day_minus2,630,-0.135800004,dSocdt,2
4,3,0,0,dSocdt_h5_day_minus1,681,-0.784500003,dSocdt,1
4,3,1,1,Soc_h10_day_minus1,710,2.92840004,Soc,1
4,3,2,1,dSocdt_h23_day_minus1,699,-0.135800004,dSocdt,1
4,4,0,0,dSocdt_h5_day_minus1,681,-0.371899992,dSocdt,1
4,4,1,1,dSocdt_h2_day_minus2,626,-11.1836004,dSocdt,2
4,4,2,1,dSocdt_h7_day_minus2,631,-2.32949996,dSocdt,2
4,5,0,0,dSocdt_h2_day_minus1,678,-1.8211,dSocdt,1
4,5,1,1,Soc_h10_day_minus1,710,2.92840004,Soc,1
4,5,2,1,dSocdt_h2_day_minus2,626,-11.1836004,dSocdt,2
4,6,0,0,dSocdt_h5_day_minus1,681,-0.784500003,dSocdt,1
4,6,1,1,dSocdt_h2_day_minus2,626,-11.1836004,dSocdt,2
4,6,2,1,dSocdt_h11_day_minus1,687,-3.73569989,dSocdt,1
4,7,0,0,dSocdt_h21_day_minus1,697,-1.14429998,dSocdt,1
4,7,1,1,Soc_h10_day_minus1,710,2.92840004,Soc,1
4,7,2,1,day_day_minus1,725,24.0,Date,1
4,8,0,0,dSocdt_h2_day_minus1,678,-1.8211,dSocdt,1
4,8,1,1,Soc_h10_day_minus1,710,2.92840004,Soc,1
4,8,2,1,dSocdt_h2_day_minus2,626,-11.1836004,dSocdt,2
4,9,0,0,dSocdt_h5_day_minus1,681,-0.784500003,dSocdt,1
4,9,1,1,Soc_h10_day_minus1,710,2.92840004,Soc,1
4,9,2,1,dSocdt_h6_day_minus2,630,-0.135800004,dSocdt,2
4,10,0,0,day_day_minus1,725,27.0,Date,1
4,10,1,1,Soc_h10_day_minus1,710,2.92840004,Soc,1
4,10,2,1,dSocdt_h10_day_minus3,582,-5.88880014,dSocdt,3
4,11,0,0,dSocdt_h21_day_minus1,697,-1.14429998,dSocdt,1
4,11,1,1,Soc_h10_day_minus1,710,2.92840004,Soc,1
4,11,2,1,dSocdt_h19_day_minus1,695,-2.15300012,dSocdt,1
4,12,0,0,dSocdt_h2_day_minus1,678,-1.83790004,dSocdt,1
4,12,1,1,dSocdt_h8_day_minus1,684,-8.02390003,dSocdt,1
4,12,2,1,dSocdt_h2_day_minus2,626,-11.1836004,dSocdt,2
4,13,0,0,day_day_minus1,725,27.0,Date,1
4,13,1,1,Soc_h10_day_minus1,710,2.92840004,Soc,1
4,13,2,1,dSocdt_h2_day_minus2,626,-9.42669964,dSocdt,2
4,14,0,0,dSocdt_h21_day_minus1,697,-0.778900027,dSocdt,1
4,14,1,1,Soc_h10_day_minus1,710,2.92840004,Soc,1
4,14,2,1,day_day_minus1,725,24.0,Date,1
4,15,0,0,dSocdt_h5_day_minus1,681,-0.855599999,dSocdt,1
4,15,1,1,Soc_h10_day_minus1,710,2.92840004,Soc,1
4,15,2,1,dSocdt_h20_day_minus1,696,-6.3744998,dSocdt,1
4,16,0,0,dSocdt_h2_day_minus1,678,-1.8211,dSocdt,1
4,16,1,1,dSocdt_h8_day_minus1,684,-8.02390003,dSocdt,1
4,16,2,1,dSocdt_h2_day_minus2,626,-11.1836004,dSocdt,2
4,17,0,0,day_day_minus1,725,27.0,Date,1
4,17,1,1,Soc_h10_day_minus1,710,2.92840004,Soc,1
4,17,2,1,Soc_h22_day_minus3,618,98.7546005,Soc,3
4,18,0,0,dSocdt_h21_day_minus1,697,-3.29320002,dSocdt,1
4,18,1,1,dSocdt_h2_day_minus2,626,-11.1836004,dSocdt,2
4,18,2,1,dSocdt_h3_day_minus1,679,-8.85239983,dSocdt,1
4,19,0,0,dSocdt_h6_day_minus2,630,-0.135800004,dSocdt,2
4,19,1,1,dSocdt_h13_day_minus3,585,-14.7589998,dSocdt,3
4,19,2,1,dSocdt_h15_day_minus1,691,-2.38109994,dSocdt,1
4,20,0,0,dSocdt_h5_day_minus1,681,-0.855599999,dSocdt,1
4,20,1,1,dSocdt_h5_day_minus1,681,-0.887399971,dSocdt,1
4,20,2,1,dSocdt_h23_day_minus1,699,-0.135800004,dSocdt,1
4,21,0,0,dSocdt_h22_day_minus1,698,-4.52059984,dSocdt,1
4,21,1,1,Soc_h23_day_minus3,619,96.9336014,Soc,3
4,21,2,1,dSocdt_h13_day_minus6,429,-14.7589998,dSocdt,6
4,22,0,0,dSocdt_h3_day_minus1,679,-0.981000006,dSocdt,1
4,22,1,1,Soc_h10_day_minus1,710,2.92840004,Soc,1
4,22,2,1,dSocdt_h2_day_minus2,626,-11.1836004,dSocdt,2
4,23,0,0,dSocdt_h2_day_minus1,678,-1.83790004,dSocdt,1
4,23,1,1,dSocdt_h8_day_minus1,684,-8.02390003,dSocdt,1
4,23,2,1,dSocdt_h1_day_minus2,625,-15.0242004,dSocdt,2
4,24,0,0,day_day_minus1,725,27.0,Date,1
4,24,1,1,Soc_h10_day_minus1,710,2.92840004,Soc,1
4,24,2,1,Soc_h22_day_minus3,618,98.7546005,Soc,3
5,0,0,0,dSocdt_h4_day_minus1,680,-0.603900015,dSocdt,1
5,0,1,1,Soc_h10_day_minus1,710,2.92840004,Soc,1
5,0,2,1,dSocdt_h23_day_minus1,699,-0.410400003,dSocdt,1
5,1,0,0,dSocdt_h5_day_minus1,681,-0.866699994,dSocdt,1
5,1,1,1,dSocdt_h13_day_minus6,429,-14.7589998,dSocdt,6
5,1,2,1,dSocdt_h23_day_minus1,699,-0.275200009,dSocdt,1
5,2,0,0,dSocdt_h5_day_minus1,681,-0.866699994,dSocdt,1
5,2,1,1,Soc_h10_day_minus1,710,2.92840004,Soc,1
5,2,2,1,dSocdt_h23_day_minus1,699,-0.275200009,dSocdt,1
5,3,0,0,dSocdt_h5_day_minus1,681,-0.866699994,dSocdt,1
5,3,1,1,dSocdt_h13_day_minus6,429,-14.7589998,dSocdt,6
5,3,2,1,dSocdt_h23_day_minus1,699,-0.356000006,dSocdt,1
5,4,0,0,dSocdt_h5_day_minus1,681,-0.866699994,dSocdt,1
5,4,1,1,Soc_h10_day_minus1,710,2.92840004,Soc,1
5,4,2,1,dSocdt_h23_day_minus1,699,-0.275200009,dSocdt,1
5,5,0,0,dSocdt_h6_day_minus1,682,-0.868799984,dSocdt,1
5,5,1,1,Soc_h10_day_minus1,710,2.92840004,Soc,1
5,5,2,1,dSocdt_h14_day_minus1,690,-0.448000014,dSocdt,1
5,6,0,0,dSocdt_h5_day_minus1,681,-0.866699994,dSocdt,1
5,6,1,1,dSocdt_h0_day_minus6,416,-23.9972992,dSocdt,6
5,6,2,1,dSocdt_h1_day_minus1,677,-0.275200009,dSocdt,1
5,7,0,0,dSocdt_h5_day_minus1,681,-0.866699994,dSocdt,1
5,7,1,1,dSocdt_h13_day_minus6,429,-14.7589998,dSocdt,6
5,7,2,1,dSocdt_h18_day_minus1,694,-0.450500011,dSocdt,1
5,8,0,0,dSocdt_h14_day_minus1,690,-0.880200028,dSocdt,1
5,8,1,1,dSocdt_h0_day_minus6,416,-23.9972992,dSocdt,6
5,8,2,1,dSocdt_h23_day_minus1,699,-0.557399988,dSocdt,1
5,9,0,0,dSocdt_h6_day_minus1,682,-0.868799984,dSocdt,1
5,9,1,1,Soc_h10_day_minus1,710,2.92840004,Soc,1
5,9,2,1,dSocdt_h1_day_minus1,677,-0.275200009,dSocdt,1
5,10,0,0,dSocdt_h14_day_minus1,690,-0.880200028,dSocdt,1
5,10,1,1,dSocdt_h0_day_minus6,416,-23.9972992,dSocdt,6
5,10,2,1,dSocdt_h23_day_minus1,699,-0.184,dSocdt,1
5,11,0,0,dSocdt_h14_day_minus1,690,-0.880200028,dSocdt,1
5,11,1,1,dSocdt_h0_day_minus6,416,-23.9972992,dSocdt,6
5,11,2,1,dSocdt_h23_day_minus1,699,-0.687699974,dSocdt,1
5,12,0,0,dSocdt_h7_day_minus2,631,-0.831200004,dSocdt,2
5,12,1,1,dSocdt_h13_day_minus3,585,-14.7589998,dSocdt,3
5,12,2,1,dSocdt_h15_day_minus1,691,-1.36249995,dSocdt,1
5,13,0,0,dSocdt_h5_day_minus1,681,-0.866699994,dSocdt,1
5,13,1,1,Soc_h10_day_minus1,710,2.92840004,Soc,1
5,13,2,1,dSocdt_h5_day_minus2,629,-0.855599999,dSocdt,2
5,14,0,0,dSocdt_h4_day_minus2,628,-0.754299998,dSocdt,2
5,14,1,1,Soc_h10_day_minus1,710,2.92840004,Soc,1
5,14,2,1,dSocdt_h15_day_minus1,691,-0.45629999,dSocdt,1
5,15,0,0,dSocdt_h5_day_minus1,681,-0.866699994,dSocdt,1
5,15,1,1,dSocdt_h13_day_minus3,585,-14.7589998,dSocdt,3
5,15,2,1,dSocdt_h15_day_minus2,639,-13.9884996,dSocdt,2
5,16,0,0,dSocdt_h7_day_minus2,631,-0.831200004,dSocdt,2
5,16,1,1,dSocdt_h13_day_minus3,585,-14.7589998,dSocdt,3
5,16,2,1,dSocdt_h15_day_minus1,691,-1.36249995,dSocdt,1
5,17,0,0,dSocdt_h14_day_minus1,690,-1.82490003,dSocdt,1
5,17,1,1,dSocdt_h0_day_minus6,416,-23.9972992,dSocdt,6
5,17,2,1,dSocdt_h16_day_minus2,640,-12.0157003,dSocdt,2
5,18,0,0,dSocdt_h2_day_minus1,678,-1.52960002,dSocdt,1
5,18,1,1,Soc_h12_day_minus1,712,99.1750031,Soc,1
5,18,2,1,dSocdt_h2_day_minus2,626,-11.5921001,dSocdt,2
5,19,0,0,dSocdt_h4_day_minus2,628,-0.754299998,dSocdt,2
5,19,1,1,Soc_h10_day_minus1,710,2.92840004,Soc,1
5,19,2,1,Soc_h20_day_minus1,720,4.77339983,Soc,1
5,20,0,0,dSocdt_h1_day_minus2,625,-15.0242004,dSocdt,2
5,20,1,1,dSocdt_h2_day_minus2,626,-5.43489981,dSocdt,2
5,20,2,1,Soc_h10_day_minus1,710,2.92840004,Soc,1
5,21,0,0,dSocdt_h1_day_minus2,625,-15.0242004,dSocdt,2
5,21,1,1,dSocdt_h2_day_minus2,626,-5.43489981,dSocdt,2
5,21,2,1,dSocdt_h14_day_minus1,690,-2.61330009,dSocdt,1
5,22,0,0,dSocdt_h6_day_minus1,682,-0.868799984,dSocdt,1
5,22,1,1,Soc_h12_day_minus1,712,99.1750031,Soc,1
5,22,2,1,dSocdt_h20_day_minus2,644,-7.23850012,dSocdt,2
5,23,0,0,dSocdt_h1_day_minus2,625,-15.0242004,dSocdt,2
5,23,1,1,dSocdt_h5_day_minus2,629,-1.75950003,dSocdt,2
5,23,2,1,dSocdt_h2_day_minus1,678,-1.12269998,dSocdt,1
5,24,0,0,dSocdt_h7_day_minus2,631,-0.831200004,dSocdt,2
5,24,1,1,Soc_h10_day_minus1,710,2.92840004,Soc,1
5,24,2,1,dSocdt_h15_day_minus1,691,-1.3829,dSocdt,1
6,0,0,0,dSocdt_h23_day_minus1,699,-0.574199975,dSocdt,1
6,0,1,1,dSocdt_h6_day_minus1,682,-1.04200006,dSocdt,1
6,0,2,1,dSocdt_h3_day_minus1,679,-0.413899988,dSocdt,1
6,1,0,0,dSocdt_h14_day_minus1,690,-1.34749997,dSocdt,1
6,1,1,1,dSocdt_h6_day_minus1,682,-0.868799984,dSocdt,1
6,1,2,1,dSocdt_h23_day_minus1,699,-0.184,dSocdt,1
6,2,0,0,dSocdt_h23_day_minus1,699,-0.574199975,dSocdt,1
6,2,1,1,dSocdt_h6_day_minus1,682,-1.04200006,dSocdt,1
6,2,2,1,dSocdt_h19_day_minus1,695,-1.3865,dSocdt,1
6,3,0,0,dSocdt_h14_day_minus1,690,-1.34749997,dSocdt,1
6,3,1,1,dSocdt_h6_day_minus1,682,-0.868799984,dSocdt,1
6,3,2,1,dSocdt_h6_day_minus2,630,-0.673900008,dSocdt,2
6,4,0,0,dSocdt_h23_day_minus1,699,-0.574199975,dSocdt,1
6,4,1,1,dSocdt_h5_day_minus2,629,-1.14359999,dSocdt,2
6,4,2,1,dSocdt_h4_day_minus1,680,-0.413899988,dSocdt,1
6,5,0,0,dSocdt_h14_day_minus1,690,-1.34749997,dSocdt,1
6,5,1,1,dSocdt_h6_day_minus1,682,-0.868799984,dSocdt,1
6,5,2,1,dSocdt_h6_day_minus2,630,-0.693400025,dSocdt,2
6,6,0,0,dSocdt_h4_day_minus2,628,-0.802299976,dSocdt,2
6,6,1,1,dSocdt_h6_day_minus1,682,-2.62420011,dSocdt,1
6,6,2,1,dSocdt_h15_day_minus1,691,-0.45629999,dSocdt,1
6,7,0,0,dSocdt_h3_day_minus1,679,-0.560500026,dSocdt,1
6,7,1,1,Soc_h8_day_minus1,708,97.7689972,Soc,1
6,7,2,1,day_day_minus1,725,31.0,Date,1
6,8,0,0,dSocdt_h23_day_minus1,699,-0.574199975,dSocdt,1
6,8,1,1,dSocdt_h6_day_minus1,682,-1.09000003,dSocdt,1
6,8,2,1,Soc_h13_day_minus5,505,98.5062027,Soc,5
6,9,0,0,dSocdt_h6_day_minus1,682,-0.868799984,dSocdt,1
6,9,1,1,Soc_h8_day_minus1,708,97.7689972,Soc,1
6,9,2,1,dSocdt_h18_day_minus1,694,-0.777499974,dSocdt,1
6,10,0,0,dSocdt_h3_day_minus2,627,-0.847000003,dSocdt,2
6,10,1,1,Soc_h10_day_minus1,710,90.0379028,Soc,1
6,10,2,1,dSocdt_h14_day_minus1,690,-0.880200028,dSocdt,1
6,11,0,0,dSocdt_h14_day_minus1,690,-1.82490003,dSocdt,1
6,11,1,1,dSocdt_h14_day_minus1,690,-1.926,dSocdt,1
6,11,2,1,dSocdt_h23_day_minus1,699,-0.184,dSocdt,1
6,12,0,0,dSocdt_h5_day_minus2,629,-0.915899992,dSocdt,2
6,12,1,1,dSocdt_h6_day_minus1,682,-3.99970007,dSocdt,1
6,12,2,1,dSocdt_h15_day_minus1,691,-1.36249995,dSocdt,1
6,13,0,0,dSocdt_h4_day_minus2,628,-0.802299976,dSocdt,2
6,13,1,1,Soc_h10_day_minus1,710,93.8687973,Soc,1
6,13,2,1,dSocdt_h7_day_minus1,683,-0.835699975,dSocdt,1
6,14,0,0,dSocdt_h3_day_minus2,627,-0.847000003,dSocdt,2
6,14,1,1,dSocdt_h6_day_minus1,682,-2.62420011,dSocdt,1
6,14,2,1,Soc_h23_day_minus1,723,99.4757996,Soc,1
6,15,0,0,dSocdt_h6_day_minus1,682,-0.868799984,dSocdt,1
6,15,1,1,Soc_h11_day_minus1,711,89.8781967,Soc,1
6,15,2,1,Soc_h23_day_minus1,723,99.4757996,Soc,1
6,16,0,0,dSocdt_h23_day_minus1,699,-0.574199975,dSocdt,1
6,16,1,1,dSocdt_h5_day_minus2,629,-1.14359999,dSocdt,2
6,16,2,1,Soc_h13_day_minus5,505,98.5062027,Soc,5
6,17,0,0,dSocdt_h14_day_minus1,690,-1.82490003,dSocdt,1
6,17,1,1,dSocdt_h14_day_minus1,690,-1.926,dSocdt,1
6,17,2,1,Soc_h18_day_minus1,718,98.489502,Soc,1
6,18,0,0,dSocdt_h3_day_minus2,627,-0.847000003,dSocdt,2
6,18,1,1,dSocdt_h6_day_minus1,682,-3.99970007,dSocdt,1
6,18,2,1,Soc_h23_day_minus1,723,99.4757996,Soc,1
6,19,0,0,dSocdt_h6_day_minus1,682,-0.868799984,dSocdt,1
6,19,1,1,Soc_h11_day_minus1,711,89.8781967,Soc,1
6,19,2,1,Soc_h23_day_minus1,723,99.4757996,Soc,1
6,20,0,0,dSocdt_h17_day_minus1,693,-3.40280008,dSocdt,1
6,20,1,1,Soc_h20_day_minus1,720,4.77339983,Soc,1
6,20,2,1,dSocdt_h23_day_minus1,699,-3.31139994,dSocdt,1
6,21,0,0,dSocdt_h23_day_minus1,699,-0.574199975,dSocdt,1
6,21,1,1,dSocdt_h5_day_minus2,629,-1.14619994,dSocdt,2
6,21,2,1,Soc_h22_day_minus1,722,95.4412994,Soc,1
6,22,0,0,dSocdt_h6_day_minus1,682,-1.04200006,dSocdt,1
6,22,1,1,Soc_h11_day_minus1,711,91.7353973,Soc,1
6,22,2,1,dSocdt_h5_day_minus2,629,-1.25080001,dSocdt,2
6,23,0,0,dSocdt_h6_day_minus2,630,-0.757200003,dSocdt,2
6,23,1,1,dSocdt_h0_day_minus2,624,-1.00049996,dSocdt,2
6,23,2,1,Soc_h20_day_minus1,720,4.77339983,Soc,1
6,24,0,0,dSocdt_h14_day_minus1,690,-1.82490003,dSocdt,1
6,24,1,1,Soc_h20_day_minus1,720,4.77339983,Soc,1
6,24,2,1,month_day_minus1,726,6.0,Date,1
7,0,0,0,dSocdt_h7_day_minus2,631,-2.32949996,dSocdt,2
7,0,1,1,day_day_minus1,725,30.0,Date,1
7,0,2,1,dSocdt_h20_day_minus1,696,-0.184,dSocdt,1
7,1,0,0,dSocdt_h7_day_minus2,631,-2.32949996,dSocdt,2
7,1,1,1,day_day_minus1,725,30.0,Date,1
7,1,2,1,dSocdt_h7_day_minus1,683,-0.819800019,dSocdt,1
7,2,0,0,dSocdt_h6_day_minus1,682,-0.847899973,dSocdt,1
7,2,1,1,Soc_h10_day_minus1,710,94.4169006,Soc,1
7,2,2,1,dSocdt_h21_day_minus2,645,-0.574199975,dSocdt,2
7,3,0,0,dSocdt_h7_day_minus2,631,-2.32949996,dSocdt,2
7,3,1,1,dSocdt_h16_day_minus1,692,-9.82590008,dSocdt,1
7,3,2,1,dSocdt_h10_day_minus1,686,-1.07519996,dSocdt,1
7,4,0,0,dSocdt_h7_day_minus2,631,-0.922399998,dSocdt,2
7,4,1,1,Soc_h18_day_minus3,614,94.956398,Soc,3
7,4,2,1,dSocdt_h14_day_minus1,690,-3.30270004,dSocdt,1
7,5,0,0,dSocdt_h10_day_minus1,686,-4.13180017,dSocdt,1
7,5,1,1,dSocdt_h7_day_minus2,631,-2.35739994,dSocdt,2
7,5,2,1,dSocdt_h11_day_minus2,635,-18.2322006,dSocdt,2
7,6,0,0,dSocdt_h10_day_minus1,686,-4.86639977,dSocdt,1
7,6,1,1,dSocdt_h7_day_minus2,631,-3.62619996,dSocdt,2
7,6,2,1,dSocdt_h4_day_minus2,628,-0.790199995,dSocdt,2
7,7,0,0,dSocdt_h7_day_minus2,631,-2.32949996,dSocdt,2
7,7,1,1,day_day_minus1,725,30.0,Date,1
7,7,2,1,dSocdt_h20_day_minus1,696,-0.184,dSocdt,1
7,8,0,0,dSocdt_h10_day_minus1,686,-4.86639977,dSocdt,1
7,8,1,1,Soc_h10_day_minus1,710,93.8687973,Soc,1
7,8,2,1,dSocdt_h4_day_minus2,628,-0.790199995,dSocdt,2
7,9,0,0,dSocdt_h14_day_minus1,690,-3.30270004,dSocdt,1
7,9,1,1,Soc_h11_day_minus1,711,4.99030018,Soc,1
7,9,2,1,dSocdt_h7_day_minus2,631,-0.958800018,dSocdt,2
7,10,0,0,month_day_minus1,726,6.0,Date,1
7,10,1,1,dSocdt_h7_day_minus2,631,-2.26069999,dSocdt,2
7,10,2,1,dSocdt_h7_day_minus1,683,-2.29509997,dSocdt,1
7,11,0,0,dSocdt_h10_day_minus1,686,-4.13180017,dSocdt,1
7,11,1,1,dSocdt_h8_day_minus6,424,-2.43350005,dSocdt,6
7,11,2,1,dSocdt_h11_day_minus2,635,-18.2322006,dSocdt,2
7,12,0,0,dSocdt_h23_day_minus1,699,-3.46729994,dSocdt,1
7,12,1,1,Soc_h23_day_minus1,723,43.8277016,Soc,1
7,12,2,1,dSocdt_h14_day_minus1,690,-5.11350012,dSocdt,1
7,13,0,0,month_day_minus1,726,6.0,Date,1
7,13,1,1,dSocdt_h7_day_minus2,631,-2.26069999,dSocdt,2
7,13,2,1,dSocdt_h14_day_minus1,690,-0.184,dSocdt,1
7,14,0,0,dSocdt_h23_day_minus1,699,-3.46729994,dSocdt,1
7,14,1,1,Soc_h23_day_minus1,723,45.5103989,Soc,1
7,14,2,1,dSocdt_h14_day_minus1,690,-5.11350012,dSocdt,1
7,15,0,0,month_day_minus1,726,6.0,Date,1
7,15,1,1,dSocdt_h15_day_minus2,639,-16.5965004,dSocdt,2
7,15,2,1,dSocdt_h7_day_minus1,683,-1.63689995,dSocdt,1
7,16,0,0,dSocdt_h7_day_minus2,631,-2.32949996,dSocdt,2
7,16,1,1,Soc_h23_day_minus1,723,38.0231018,Soc,1
7,16,2,1,dSocdt_h7_day_minus1,683,-0.819800019,dSocdt,1
7,17,0,0,dSocdt_h10_day_minus1,686,-4.86639977,dSocdt,1
7,17,1,1,dSocdt_h7_day_minus3,579,-8.0600996,dSocdt,3
7,17,2,1,dSocdt_h10_day_minus2,634,-1.70410001,dSocdt,2
7,18,0,0,dSocdt_h7_day_minus2,631,-2.32949996,dSocdt,2
7,18,1,1,day_day_minus1,725,30.0,Date,1
7,18,2,1,dSocdt_h20_day_minus1,696,-0.184,dSocdt,1
7,19,0,0,month_day_minus1,726,6.0,Date,1
7,19,1,1,dSocdt_h15_day_minus2,639,-16.5965004,dSocdt,2
7,19,2,1,dSocdt_h7_day_minus1,683,-2.29509997,dSocdt,1
7,20,0,0,dSocdt_h10_day_minus1,686,-5.16149998,dSocdt,1
7,20,1,1,dSocdt_h7_day_minus3,579,-8.0600996,dSocdt,3
7,20,2,1,dSocdt_h4_day_minus2,628,-0.802299976,dSocdt,2
7,21,0,0,dSocdt_h10_day_minus1,686,-5.16149998,dSocdt,1
7,21,1,1,Soc_h10_day_minus1,710,93.8687973,Soc,1
7,21,2,1,dSocdt_h1_day_minus1,677,-5.99770021,dSocdt,1
7,22,0,0,dSocdt_h23_day_minus1,699,-3.523,dSocdt,1
7,22,1,1,Soc_h21_day_minus1,721,42.7953987,Soc,1
7,22,2,1,Soc_h13_day_minus5,505,98.8905029,Soc,5
7,23,0,0,dSocdt_h6_day_minus3,578,-1.08369994,dSocdt,3
7,23,1,1,Soc_h23_day_minus1,723,44.896801,Soc,1
7,23,2,1,dSocdt_h23_day_minus1,699,-1.78269994,dSocdt,1
7,24,0,0,month_day_minus1,726,6.0,Date,1
7,24,1,1,dSocdt_h15_day_minus2,639,-16.5965004,dSocdt,2
7,24,2,1,dSocdt_h7_day_minus1,683,-2.29509997,dSocdt,1
8,0,0,0,dSocdt_h12_day_minus1,688,-1.87880003,dSocdt,1
8,0,1,1,Soc_h14_day_minus5,506,98.1559982,Soc,5
8,0,2,1,dSocdt_h20_day_minus1,696,-3.89450002,dSocdt,1
8,1,0,0,dSocdt_h12_day_minus1,688,-1.87880003,dSocdt,1
8,1,1,1,Soc_h23_day_minus1,723,43.5541,Soc,1
8,1,2,1,dSocdt_h8_day_minus2,632,-0.995899975,dSocdt,2
8,2,0,0,dSocdt_h8_day_minus1,684,-1.85099995,dSocdt,1
8,2,1,1,Soc_h21_day_minus1,721,55.4227982,Soc,1
8,2,2,1,dSocdt_h12_day_minus1,688,-1.94949996,dSocdt,1
8,3,0,0,dSocdt_h14_day_minus1,690,-3.28010011,dSocdt,1
8,3,1,1,Soc_h18_day_minus3,614,81.5457993,Soc,3
8,3,2,1,dSocdt_h8_day_minus2,632,-1.68210006,dSocdt,2
8,4,0,0,dSocdt_h14_day_minus1,690,-3.28010011,dSocdt,1
8,4,1,1,Soc_h14_day_minus5,506,98.1559982,Soc,5
8,4,2,1,dSocdt_h8_day_minus2,632,-1.68210006,dSocdt,2
8,5,0,0,dSocdt_h8_day_minus1,684,-1.85099995,dSocdt,1
8,5,1,1,Soc_h21_day_minus1,721,55.4227982,Soc,1
8,5,2,1,dSocdt_h14_day_minus1,690,-3.56710005,dSocdt,1
8,6,0,0,dSocdt_h10_day_minus1,686,-3.11870003,dSocdt,1
8,6,1,1,Soc_h21_day_minus1,721,46.4080009,Soc,1
8,6,2,1,dSocdt_h8_day_minus2,632,-0.558300018,dSocdt,2
8,7,0,0,dSocdt_h8_day_minus1,684,-1.85099995,dSocdt,1
8,7,1,1,Soc_h21_day_minus1,721,55.4227982,Soc,1
8,7,2,1,dSocdt_h6_day_minus2,630,-1.97490001,dSocdt,2
8,8,0,0,dSocdt_h12_day_minus1,688,-1.87880003,dSocdt,1
8,8,1,1,Soc_h23_day_minus1,723,43.5541,Soc,1
8,8,2,1,dSocdt_h20_day_minus1,696,-3.89450002,dSocdt,1
8,9,0,0,dSocdt_h8_day_minus1,684,-1.85099995,dSocdt,1
8,9,1,1,Soc_h21_day_minus1,721,55.4227982,Soc,1
8,9,2,1,dSocdt_h16_day_minus1,692,-7.87349987,dSocdt,1
8,10,0,0,dSocdt_h14_day_minus1,690,-3.28010011,dSocdt,1
8,10,1,1,Soc_h18_day_minus3,614,81.5457993,Soc,3
8,10,2,1,dSocdt_h7_day_minus2,631,-2.32949996,dSocdt,2
8,11,0,0,dSocdt_h10_day_minus1,686,-3.11870003,dSocdt,1
8,11,1,1,Soc_h21_day_minus1,721,46.4080009,Soc,1
8,11,2,1,dSocdt_h8_day_minus2,632,-0.5722,dSocdt,2
8,12,0,0,dSocdt_h8_day_minus1,684,-1.85099995,dSocdt,1
8,12,1,1,Soc_h23_day_minus1,723,99.4757996,Soc,1
8,12,2,1,dSocdt_h16_day_minus1,692,-7.87349987,dSocdt,1
8,13,0,0,dSocdt_h12_day_minus1,688,-1.87880003,dSocdt,1
8,13,1,1,Soc_h14_day_minus5,506,98.1559982,Soc,5
8,13,2,1,dSocdt_h20_day_minus1,696,-3.89450002,dSocdt,1
8,14,0,0,dSocdt_h10_day_minus1,686,-4.86639977,dSocdt,1
8,14,1,1,Soc_h17_day_minus7,405,99.0251999,Soc,7
8,14,2,1,dSocdt_h13_day_minus3,585,-5.1269002,dSocdt,3
8,15,0,0,dSocdt_h14_day_minus1,690,-3.28010011,dSocdt,1
8,15,1,1,Soc_h18_day_minus3,614,81.5457993,Soc,3
8,15,2,1,dSocdt_h8_day_minus2,632,-1.68210006,dSocdt,2
8,16,0,0,dSocdt_h8_day_minus1,684,-1.85099995,dSocdt,1
8,16,1,1,Soc_h21_day_minus1,721,55.4227982,Soc,1
8,16,2,1,dSocdt_h6_day_minus2,630,-1.97490001,dSocdt,2
8,17,0,0,dSocdt_h10_day_minus1,686,-4.86639977,dSocdt,1
8,17,1,1,Soc_h4_day_minus1,704,10.0895004,Soc,1
8,17,2,1,dSocdt_h20_day_minus4,540,-20.8064995,dSocdt,4
8,18,0,0,dSocdt_h12_day_minus1,688,-1.87880003,dSocdt,1
8,18,1,1,Soc_h14_day_minus5,506,98.1559982,Soc,5
8,18,2,1,dSocdt_h8_day_minus1,684,-8.02390003,dSocdt,1
8,19,0,0,dSocdt_h20_day_minus2,644,-2.54029989,dSocdt,2
8,19,1,1,day_day_minus1,725,30.0,Date,1
8,19,2,1,dSocdt_h9_day_minus2,633,-7.3130002,dSocdt,2
8,20,0,0,dSocdt_h8_day_minus1,684,-1.85099995,dSocdt,1
8,20,1,1,Soc_h21_day_minus1,721,55.4227982,Soc,1
8,20,2,1,dSocdt_h6_day_minus2,630,-1.97490001,dSocdt,2
8,21,0,0,dSocdt_h20_day_minus2,644,-2.54029989,dSocdt,2
8,21,1,1,day_day_minus1,725,30.0,Date,1
8,21,2,1,dSocdt_h9_day_minus7,373,-14.6028004,dSocdt,7
8,22,0,0,dSocdt_h10_day_minus1,686,-5.31580019,dSocdt,1
8,22,1,1,Soc_h20_day_minus1,720,92.4835968,Soc,1
8,22,2,1,dSocdt_h20_day_minus4,540,-20.8064995,dSocdt,4
8,23,0,0,dSocdt_h22_day_minus1,698,-1.21510005,dSocdt,1
8,23,1,1,Soc_h23_day_minus1,723,43.5541,Soc,1
8,23,2,1,dSocdt_h6_day_minus2,630,-2.17510009,dSocdt,2
8,24,0,0,dSocdt_h8_day_minus1,684,-1.85099995,dSocdt,1
8,24,1,1,Soc_h23_day_minus1,723,99.4757996,Soc,1
8,24,2,1,dSocdt_h20_day_minus4,540,-20.8064995,dSocdt,4
9,0,0,0,dSocdt_h15_day_minus1,691,-1.25960004,dSocdt,1
9,0,1,1,Soc_h23_day_minus1,723,42.4776001,Soc,1
9,0,2,1,dSocdt_h13_day_minus2,637,-3.50749993,dSocdt,2
9,1,0,0,dSocdt_h15_day_minus1,691,-1.25960004,dSocdt,1
9,1,1,1,dSocdt_h9_day_minus4,529,-13.2798996,dSocdt,4
9,1,2,1,dSocdt_h13_day_minus2,637,-3.50749993,dSocdt,2
9,2,0,0,dSocdt_h12_day_minus1,688,-1.50349998,dSocdt,1
9,2,1,1,Soc_h23_day_minus1,723,42.2279015,Soc,1
9,2,2,1,dSocdt_h20_day_minus1,696,-2.19659996,dSocdt,1
9,3,0,0,dSocdt_h12_day_minus1,688,-1.50349998,dSocdt,1
9,3,1,1,dSocdt_h9_day_minus8,321,-11.0382004,dSocdt,8
9,3,2,1,dSocdt_h17_day_minus1,693,-0.184,dSocdt,1
9,4,0,0,dSocdt_h11_day_minus1,687,-2.01959991,dSocdt,1
9,4,1,1,dSocdt_h9_day_minus3,581,-9.71870041,dSocdt,3
9,4,2,1,dSocdt_h19_day_minus1,695,-1.24870002,dSocdt,1
9,5,0,0,dSocdt_h15_day_minus1,691,-0.70389998,dSocdt,1
9,5,1,1,dSocdt_h9_day_minus4,529,-13.2798996,dSocdt,4
9,5,2,1,dSocdt_h10_day_minus2,634,-4.03009987,dSocdt,2
9,6,0,0,dSocdt_h15_day_minus1,691,-1.25960004,dSocdt,1
9,6,1,1,Soc_h23_day_minus1,723,42.4776001,Soc,1
9,6,2,1,dSocdt_h10_day_minus2,634,-4.03009987,dSocdt,2
9,7,0,0,dSocdt_h11_day_minus1,687,-2.01959991,dSocdt,1
9,7,1,1,dSocdt_h9_day_minus3,581,-9.71870041,dSocdt,3
9,7,2,1,dSocdt_h9_day_minus2,633,-2.13639998,dSocdt,2
9,8,0,0,dSocdt_h12_day_minus1,688,-1.50349998,dSocdt,1
9,8,1,1,Soc_h23_day_minus1,723,42.2279015,Soc,1
9,8,2,1,dSocdt_h20_day_minus1,696,-2.19659996,dSocdt,1
9,9,0,0,dSocdt_h9_day_minus1,685,-1.98280001,dSocdt,1
9,9,1,1,dSocdt_h22_day_minus2,646,-20.4645996,dSocdt,2
9,9,2,1,dSocdt_h20_day_minus1,696,-1.91429996,dSocdt,1
9,10,0,0,dSocdt_h11_day_minus1,687,-2.01959991,dSocdt,1
9,10,1,1,Soc_h23_day_minus1,723,41.6319008,Soc,1
9,10,2,1,dSocdt_h7_day_minus2,631,-4.02010012,dSocdt,2
9,11,0,0,dSocdt_h12_day_minus1,688,-1.50349998,dSocdt,1
9,11,1,1,dSocdt_h21_day_minus6,437,-15.7398996,dSocdt,6
9,11,2,1,dSocdt_h17_day_minus1,693,-0.184,dSocdt,1
9,12,0,0,dSocdt_h9_day_minus1,685,-2.42370009,dSocdt,1
9,12,1,1,dSocdt_h22_day_minus2,646,-20.4645996,dSocdt,2
9,12,2,1,dSocdt_h4_day_minus1,680,-0.830200016,dSocdt,1
9,13,0,0,dSocdt_h11_day_minus1,687,-2.01959991,dSocdt,1
9,13,1,1,dSocdt_h23_day_minus2,647,-12.4041004,dSocdt,2
9,13,2,1,dSocdt_h22_day_minus1,698,-5.55880022,dSocdt,1
9,14,0,0,dSocdt_h9_day_minus1,685,-2.97149992,dSocdt,1
9,14,1,1,dSocdt_h22_day_minus2,646,-20.4645996,dSocdt,2
9,14,2,1,dSocdt_h15_day_minus1,691,-3.34660006,dSocdt,1
9,15,0,0,dSocdt_h9_day_minus1,685,-2.97149992,dSocdt,1
9,15,1,1,dSocdt_h22_day_minus2,646,-20.4645996,dSocdt,2
9,15,2,1,dSocdt_h5_day_minus2,629,-0.806999981,dSocdt,2
9,16,0,0,dSocdt_h23_day_minus1,699,-1.13900006,dSocdt,1
9,16,1,1,dSocdt_h9_day_minus4,529,-13.2798996,dSocdt,4
9,16,2,1,dSocdt_h20_day_minus1,696,-16.3544006,dSocdt,1
9,17,0,0,dSocdt_h11_day_minus1,687,-2.01959991,dSocdt,1
9,17,1,1,Soc_h23_day_minus1,723,42.9949989,Soc,1
9,17,2,1,dSocdt_h7_day_minus2,631,-4.02010012,dSocdt,2
9,18,0,0,dSocdt_h19_day_minus2,643,-2.49469995,dSocdt,2
9,18,1,1,Soc_h7_day_minus2,655,4.18580008,Soc,2
9,18,2,1,dSocdt_h8_day_minus1,684,-2.43350005,dSocdt,1
9,19,0,0,dSocdt_h15_day_minus1,691,-2.60050011,dSocdt,1
9,19,1,1,dSocdt_h9_day_minus4,529,-13.2798996,dSocdt,4
9,19,2,1,dSocdt_h23_day_minus1,699,-0.820900023,dSocdt,1
9,20,0,0,dSocdt_h3_day_minus1,679,-0.184,dSocdt,1
9,20,1,1,dSocdt_h9_day_minus8,321,-10.3063002,dSocdt,8
9,20,2,1,dSocdt_h7_day_minus2,631,-4.48250008,dSocdt,2
9,21,0,0,dSocdt_h9_day_minus1,685,-2.97149992,dSocdt,1
9,21,1,1,dSocdt_h22_day_minus2,646,-20.4645996,dSocdt,2
9,21,2,1,dSocdt_h23_day_minus2,647,-12.4041004,dSocdt,2
9,22,0,0,dSocdt_h19_day_minus2,643,-2.49469995,dSocdt,2
9,22,1,1,Soc_h7_day_minus2,655,4.18580008,Soc,2
9,22,2,1,dSocdt_h15_day_minus1,691,-0.70389998,dSocdt,1
9,23,0,0,Soc_h18_day_minus1,718,36.8787994,Soc,1
9,23,1,1,Soc_h23_day_minus1,723,73.7939987,Soc,1
9,23,2,1,dSocdt_h23_day_minus2,647,-12.4041004,dSocdt,2
9,24,0,0,dSocdt_h9_day_minus1,685,-2.97149992,dSocdt,1
9,24,1,1,Soc_h23_day_minus1,723,42.6399002,Soc,1
9,24,2,1,dSocdt_h23_day_minus2,647,-12.4041004,dSocdt,2
10,0,0,0,dSocdt_h15_day_minus1,691,-1.09420002,dSocdt,1
10,0,1,1,dSocdt_h22_day_minus1,698,-17.5846004,dSocdt,1
10,0,2,1,dSocdt_h23_day_minus1,699,-1.7177,dSocdt,1
10,1,0,0,dSocdt_h15_day_minus1,691,-1.09420002,dSocdt,1
10,1,1,1,dSocdt_h22_day_minus1,698,-17.5846004,dSocdt,1
10,1,2,1,dSocdt_h20_day_minus1,696,-1.35950005,dSocdt,1
10,2,0,0,dSocdt_h19_day_minus1,695,-1.44029999,dSocdt,1
10,2,1,1,dSocdt_h22_day_minus1,698,-17.5846004,dSocdt,1
10,2,2,1,dSocdt_h23_day_minus1,699,-2.82929993,dSocdt,1
10,3,0,0,dSocdt_h10_day_minus1,686,-2.23589993,dSocdt,1
10,3,1,1,Soc_h19_day_minus1,719,74.9055023,Soc,1
10,3,2,1,dSocdt_h8_day_minus1,684,-0.885399997,dSocdt,1
10,4,0,0,dSocdt_h19_day_minus1,695,-1.44029999,dSocdt,1
10,4,1,1,dSocdt_h23_day_minus3,595,-17.5550995,dSocdt,3
10,4,2,1,dSocdt_h16_day_minus1,692,-2.72180009,dSocdt,1
10,5,0,0,dSocdt_h15_day_minus1,691,-1.09420002,dSocdt,1
10,5,1,1,dSocdt_h10_day_minus1,686,-6.8283,dSocdt,1
10,5,2,1,dSocdt_h20_day_minus1,696,-1.35950005,dSocdt,1
10,6,0,0,dSocdt_h10_day_minus1,686,-2.23589993,dSocdt,1
10,6,1,1,Soc_h17_day_minus1,717,76.7705002,Soc,1
10,6,2,1,dSocdt_h16_day_minus1,692,-2.68400002,dSocdt,1
10,7,0,0,dSocdt_h10_day_minus1,686,-2.23589993,dSocdt,1
10,7,1,1,dSocdt_h9_day_minus4,529,-11.0382004,dSocdt,4
10,7,2,1,dSocdt_h8_day_minus1,684,-0.885399997,dSocdt,1
10,8,0,0,dSocdt_h15_day_minus1,691,-1.43980002,dSocdt,1
10,8,1,1,dSocdt_h22_day_minus1,698,-17.5846004,dSocdt,1
10,8,2,1,dSocdt_h20_day_minus1,696,-4.38129997,dSocdt,1
10,9,0,0,dSocdt_h10_day_minus1,686,-2.23589993,dSocdt,1
10,9,1,1,Soc_h19_day_minus1,719,74.9055023,Soc,1
10,9,2,1,dSocdt_h8_day_minus1,684,-0.885399997,dSocdt,1
10,10,0,0,dSocdt_h15_day_minus1,691,-1.09420002,dSocdt,1
10,10,1,1,dSocdt_h10_day_minus1,686,-6.8283,dSocdt,1
10,10,2,1,dSocdt_h7_day_minus1,683,-1.36930001,dSocdt,1
10,11,0,0,dSocdt_h15_day_minus1,691,-1.09420002,dSocdt,1
10,11,1,1,dSocdt_h22_day_minus1,698,-17.5846004,dSocdt,1
10,11,2,1,dSocdt_h12_day_minus2,636,-5.42229986,dSocdt,2
10,12,0,0,dSocdt_h15_day_minus2,639,-2.56159997,dSocdt,2
10,12,1,1,dSocdt_h22_day_minus2,646,-12.5681,dSocdt,2
10,12,2,1,dSocdt_h19_day_minus1,695,-1.73169994,dSocdt,1
10,13,0,0,dSocdt_h15_day_minus1,691,-1.43980002,dSocdt,1
10,13,1,1,dSocdt_h22_day_minus1,698,-17.5846004,dSocdt,1
10,13,2,1,dSocdt_h20_day_minus1,696,-4.38129997,dSocdt,1
10,14,0,0,dSocdt_h10_day_minus1,686,-2.36999989,dSocdt,1
10,14,1,1,Soc_h19_day_minus1,719,74.9055023,Soc,1
10,14,2,1,dSocdt_h0_day_minus1,676,-2.84960008,dSocdt,1
10,15,0,0,dSocdt_h10_day_minus1,686,-3.79060006,dSocdt,1
10,15,1,1,dSocdt_h21_day_minus2,645,-19.8645992,dSocdt,2
10,15,2,1,dSocdt_h0_day_minus1,676,-2.61389995,dSocdt,1
10,16,0,0,dSocdt_h15_day_minus2,639,-2.56159997,dSocdt,2
10,16,1,1,dSocdt_h10_day_minus7,374,-10.3755999,dSocdt,7
10,16,2,1,day_day_minus1,725,24.0,Date,1
10,17,0,0,dSocdt_h10_day_minus1,686,-3.79060006,dSocdt,1
10,17,1,1,dSocdt_h23_day_minus2,647,-24.1613998,dSocdt,2
10,17,2,1,dSocdt_h0_day_minus1,676,-2.63249993,dSocdt,1
10,18,0,0,dSocdt_h15_day_minus2,639,-2.56159997,dSocdt,2
10,18,1,1,Soc_h20_day_minus1,720,99.2654037,Soc,1
10,18,2,1,dSocdt_h22_day_minus1,698,-17.5846004,dSocdt,1
10,19,0,0,dSocdt_h10_day_minus1,686,-2.23589993,dSocdt,1
10,19,1,1,Soc_h19_day_minus1,719,72.7804031,Soc,1
10,19,2,1,dSocdt_h11_day_minus2,635,-4.40969992,dSocdt,2
10,20,0,0,dSocdt_h10_day_minus1,686,-3.68079996,dSocdt,1
10,20,1,1,dSocdt_h21_day_minus2,645,-19.8645992,dSocdt,2
10,20,2,1,dSocdt_h8_day_minus1,684,-0.936200023,dSocdt,1
10,21,0,0,dSocdt_h15_day_minus1,691,-3.10159993,dSocdt,1
10,21,1,1,dSocdt_h22_day_minus1,698,-17.5846004,dSocdt,1
10,21,2,1,dSocdt_h20_day_minus1,696,-3.11389995,dSocdt,1
10,22,0,0,dSocdt_h10_day_minus2,634,-3.68079996,dSocdt,2
10,22,1,1,dSocdt_h11_day_minus1,687,-14.3563004,dSocdt,1
10,22,2,1,dSocdt_h19_day_minus1,695,-2.88720012,dSocdt,1
10,23,0,0,dSocdt_h15_day_minus1,691,-1.43980002,dSocdt,1
10,23,1,1,dSocdt_h22_day_minus1,698,-17.5846004,dSocdt,1
10,23,2,1,dSocdt_h11_day_minus2,635,-8.71319962,dSocdt,2
10,24,0,0,dSocdt_h5_day_minus2,629,-0.870199978,dSocdt,2
10,24,1,1,Soc_h21_day_minus1,721,96.7378998,Soc,1
10,24,2,1,dSocdt_h10_day_minus1,686,-6.61759996,dSocdt,1
11,0,0,0,dSocdt_h20_day_minus1,696,-2.19659996,dSocdt,1
11,0,1,1,dSocdt_h11_day_minus3,583,-6.63850021,dSocdt,3
11,0,2,1,dSocdt_h15_day_minus1,691,-1.02079999,dSocdt,1
11,1,0,0,dSocdt_h20_day_minus1,696,-2.19659996,dSocdt,1
11,1,1,1,dSocdt_h11_day_minus1,687,-14.7091999,dSocdt,1
11,1,2,1,dSocdt_h15_day_minus1,691,-2.0151,dSocdt,1
11,2,0,0,dSocdt_h20_day_minus1,696,-2.67589998,dSocdt,1
11,2,1,1,dSocdt_h11_day_minus1,687,-14.7091999,dSocdt,1
11,2,2,1,dSocdt_h22_day_minus1,698,-2.74920011,dSocdt,1
11,3,0,0,dSocdt_h14_day_minus1,690,-2.39779997,dSocdt,1
11,3,1,1,Soc_h17_day_minus1,717,82.7817001,Soc,1
11,3,2,1,dSocdt_h16_day_minus1,692,-2.72180009,dSocdt,1
11,4,0,0,dSocdt_h20_day_minus1,696,-2.44989991,dSocdt,1
11,4,1,1,dSocdt_h11_day_minus1,687,-14.7091999,dSocdt,1
11,4,2,1,dSocdt_h12_day_minus1,688,-2.4526,dSocdt,1
11,5,0,0,dSocdt_h21_day_minus1,697,-2.85419989,dSocdt,1
11,5,1,1,dSocdt_h23_day_minus3,595,-13.1118002,dSocdt,3
11,5,2,1,dSocdt_h17_day_minus1,693,-3.80579996,dSocdt,1
11,6,0,0,dSocdt_h20_day_minus1,696,-2.67589998,dSocdt,1
11,6,1,1,dSocdt_h10_day_minus1,686,-8.85050011,dSocdt,1
11,6,2,1,dSocdt_h15_day_minus1,691,-2.0151,dSocdt,1
11,7,0,0,dSocdt_h21_day_minus1,697,-2.5374999,dSocdt,1
11,7,1,1,dSocdt_h11_day_minus3,583,-6.63850021,dSocdt,3
11,7,2,1,dSocdt_h18_day_minus1,694,-2.92729998,dSocdt,1
11,8,0,0,dSocdt_h14_day_minus1,690,-2.55110002,dSocdt,1
11,8,1,1,Soc_h17_day_minus1,717,82.7817001,Soc,1
11,8,2,1,dSocdt_h16_day_minus1,692,-2.72180009,dSocdt,1
11,9,0,0,dSocdt_h14_day_minus1,690,-2.55110002,dSocdt,1
11,9,1,1,dSocdt_h23_day_minus3,595,-13.5677004,dSocdt,3
11,9,2,1,dSocdt_h17_day_minus2,641,-7.04290009,dSocdt,2
11,10,0,0,dSocdt_h21_day_minus1,697,-2.33229995,dSocdt,1
11,10,1,1,dSocdt_h23_day_minus3,595,-11.5131998,dSocdt,3
11,10,2,1,dSocdt_h18_day_minus1,694,-4.72279978,dSocdt,1
11,11,0,0,dSocdt_h23_day_minus1,699,-4.15199995,dSocdt,1
11,11,1,1,dSocdt_h23_day_minus1,699,-20.2516003,dSocdt,1
11,11,2,1,dSocdt_h12_day_minus1,688,-3.7651999,dSocdt,1
11,12,0,0,dSocdt_h14_day_minus1,690,-2.55110002,dSocdt,1
11,12,1,1,dSocdt_h21_day_minus5,489,-21.5783005,dSocdt,5
11,12,2,1,dSocdt_h17_day_minus2,641,-5.76800013,dSocdt,2
11,13,0,0,dSocdt_h20_day_minus1,696,-5.43739986,dSocdt,1
11,13,1,1,dSocdt_h11_day_minus1,687,-14.7091999,dSocdt,1
11,13,2,1,dSocdt_h15_day_minus1,691,-1.09420002,dSocdt,1
11,14,0,0,dSocdt_h20_day_minus1,696,-5.10580015,dSocdt,1
11,14,1,1,dSocdt_h11_day_minus1,687,-14.7091999,dSocdt,1
11,14,2,1,dSocdt_h15_day_minus1,691,-1.99960005,dSocdt,1
11,15,0,0,dSocdt_h6_day_minus2,630,-0.811699986,dSocdt,2
11,15,1,1,day_day_minus1,725,2.0,Date,1
11,15,2,1,dSocdt_h14_day_minus1,690,-2.37840009,dSocdt,1
11,16,0,0,dSocdt_h23_day_minus1,699,-4.15199995,dSocdt,1
11,16,1,1,Soc_h23_day_minus1,723,10.6218004,Soc,1
11,16,2,1,dSocdt_h12_day_minus1,688,-3.7651999,dSocdt,1
11,17,0,0,dSocdt_h11_day_minus3,583,-6.22879982,dSocdt,3
11,17,1,1,dSocdt_h10_day_minus2,634,-0.714699984,dSocdt,2
11,17,2,1,dSocdt_h11_day_minus1,687,-2.22510004,dSocdt,1
11,18,0,0,dSocdt_h23_day_minus1,699,-4.15199995,dSocdt,1
11,18,1,1,dSocdt_h22_day_minus1,698,-19.3911991,dSocdt,1
11,18,2,1,dSocdt_h12_day_minus1,688,-3.95930004,dSocdt,1
11,19,0,0,dSocdt_h11_day_minus3,583,-6.63850021,dSocdt,3
11,19,1,1,dSocdt_h17_day_minus5,485,-11.8218002,dSocdt,5
11,19,2,1,dSocdt_h23_day_minus1,699,-20.2516003,dSocdt,1
11,20,0,0,dSocdt_h23_day_minus1,699,-4.15199995,dSocdt,1
11,20,1,1,dSocdt_h23_day_minus1,699,-20.2516003,dSocdt,1
11,20,2,1,dSocdt_h10_day_minus1,686,-8.22729969,dSocdt,1
11,21,0,0,dSocdt_h6_day_minus2,630,-0.811699986,dSocdt,2
11,21,1,1,day_day_minus1,725,2.0,Date,1
11,21,2,1,dSocdt_h14_day_minus1,690,-2.25250006,dSocdt,1
11,22,0,0,dSocdt_h3_day_minus1,679,-0.936600029,dSocdt,1
11,22,1,1,Soc_h18_day_minus1,718,90.9240036,Soc,1
11,22,2,1,dSocdt_h10_day_minus2,634,-2.99379992,dSocdt,2
11,23,0,0,dSocdt_h20_day_minus1,696,-5.43739986,dSocdt,1
11,23,1,1,dSocdt_h11_day_minus1,687,-14.7091999,dSocdt,1
11,23,2,1,dSocdt_h14_day_minus1,690,-0.184,dSocdt,1
11,24,0,0,dSocdt_h11_day_minus3,583,-6.22879982,dSocdt,3
11,24,1,1,dSocdt_h7_day_minus3,579,-1.13740003,dSocdt,3
11,24,2,1,dSocdt_h23_day_minus3,595,-13.1118002,dSocdt,3
12,0,0,0,dSocdt_h14_day_minus1,690,-1.69760001,dSocdt,1
12,0,1,1,dSocdt_h20_day_minus1,696,-11.1602001,dSocdt,1
12,0,2,1,dSocdt_h16_day_minus1,692,-4.11490011,dSocdt,1
12,1,0,0,dSocdt_h14_day_minus1,690,-1.69760001,dSocdt,1
12,1,1,1,dSocdt_h20_day_minus1,696,-11.1602001,dSocdt,1
12,1,2,1,dSocdt_h19_day_minus1,695,-3.21620011,dSocdt,1
12,2,0,0,dSocdt_h18_day_minus1,694,-2.92729998,dSocdt,1
12,2,1,1,dSocdt_h0_day_minus1,676,-19.9885998,dSocdt,1
12,2,2,1,dSocdt_h20_day_minus1,696,-3.39030004,dSocdt,1
12,3,0,0,dSocdt_h14_day_minus1,690,-3.15899992,dSocdt,1
12,3,1,1,dSocdt_h7_day_minus2,631,-1.64049995,dSocdt,2
12,3,2,1,dSocdt_h16_day_minus1,692,-4.08349991,dSocdt,1
12,4,0,0,dSocdt_h14_day_minus1,690,-3.28010011,dSocdt,1
12,4,1,1,dSocdt_h20_day_minus1,696,-12.0992002,dSocdt,1
12,4,2,1,dSocdt_h16_day_minus1,692,-3.77010012,dSocdt,1
12,5,0,0,dSocdt_h15_day_minus1,691,-2.69090009,dSocdt,1
12,5,1,1,dSocdt_h0_day_minus1,676,-10.5992002,dSocdt,1
12,5,2,1,dSocdt_h12_day_minus1,688,-1.69299996,dSocdt,1
12,6,0,0,dSocdt_h18_day_minus1,694,-2.92729998,dSocdt,1
12,6,1,1,dSocdt_h22_day_minus5,490,-17.7616005,dSocdt,5
12,6,2,1,dSocdt_h15_day_minus1,691,-8.98960018,dSocdt,1
12,7,0,0,dSocdt_h4_day_minus1,680,-0.184,dSocdt,1
12,7,1,1,dSocdt_h7_day_minus2,631,-2.10400009,dSocdt,2
12,7,2,1,dSocdt_h12_day_minus1,688,-2.22589993,dSocdt,1
12,8,0,0,dSocdt_h14_day_minus1,690,-3.28010011,dSocdt,1
12,8,1,1,dSocdt_h20_day_minus1,696,-12.0992002,dSocdt,1
12,8,2,1,dSocdt_h16_day_minus1,692,-4.08349991,dSocdt,1
12,9,0,0,dSocdt_h15_day_minus1,691,-2.69090009,dSocdt,1
12,9,1,1,dSocdt_h7_day_minus2,631,-1.64049995,dSocdt,2
12,9,2,1,dSocdt_h13_day_minus1,689,-4.18289995,dSocdt,1
12,10,0,0,dSocdt_h14_day_minus1,690,-4.5321002,dSocdt,1
12,10,1,1,dSocdt_h5_day_minus4,525,-1.16190004,dSocdt,4
12,10,2,1,dSocdt_h18_day_minus1,694,-3.00079989,dSocdt,1
12,11,0,0,dSocdt_h14_day_minus1,690,-1.69760001,dSocdt,1
12,11,1,1,dSocdt_h13_day_minus2,637,-7.87930012,dSocdt,2
12,11,2,1,dSocdt_h15_day_minus1,691,-8.98960018,dSocdt,1
12,12,0,0,dSocdt_h4_day_minus1,680,-0.184,dSocdt,1
12,12,1,1,dSocdt_h7_day_minus2,631,-2.10400009,dSocdt,2
12,12,2,1,dSocdt_h13_day_minus2,637,-3.23309994,dSocdt,2
12,13,0,0,dSocdt_h15_day_minus1,691,-3.96889997,dSocdt,1
12,13,1,1,dSocdt_h0_day_minus1,676,-13.1391001,dSocdt,1
12,13,2,1,dSocdt_h18_day_minus1,694,-3.91799998,dSocdt,1
12,14,0,0,dSocdt_h14_day_minus1,690,-4.02799988,dSocdt,1
12,14,1,1,dSocdt_h7_day_minus2,631,-1.64049995,dSocdt,2
12,14,2,1,dSocdt_h12_day_minus1,688,-0.184,dSocdt,1
12,15,0,0,dSocdt_h13_day_minus1,689,-2.82730007,dSocdt,1
12,15,1,1,dSocdt_h20_day_minus1,696,-12.3331003,dSocdt,1
12,15,2,1,dSocdt_h8_day_minus2,632,-0.995899975,dSocdt,2
12,16,0,0,dSocdt_h15_day_minus1,691,-3.89420009,dSocdt,1
12,16,1,1,dSocdt_h0_day_minus1,676,-13.1391001,dSocdt,1
12,16,2,1,dSocdt_h19_day_minus1,695,-3.02719998,dSocdt,1
12,17,0,0,dSocdt_h18_day_minus1,694,-2.92729998,dSocdt,1
12,17,1,1,dSocdt_h22_day_minus5,490,-17.7616005,dSocdt,5
12,17,2,1,dSocdt_h15_day_minus1,691,-8.98960018,dSocdt,1
12,18,0,0,dSocdt_h14_day_minus1,690,-4.5321002,dSocdt,1
12,18,1,1,dSocdt_h17_day_minus1,693,-12.4955997,dSocdt,1
12,18,2,1,dSocdt_h20_day_minus2,644,-0.187299997,dSocdt,2
12,19,0,0,dSocdt_h14_day_minus2,638,-2.32450008,dSocdt,2
12,19,1,1,Soc_h22_day_minus1,722,12.8916998,Soc,1
12,19,2,1,dSocdt_h15_day_minus1,691,-3.25760007,dSocdt,1
12,20,0,0,dSocdt_h10_day_minus1,686,-3.79060006,dSocdt,1
12,20,1,1,dSocdt_h23_day_minus1,699,-18.9979,dSocdt,1
12,20,2,1,dSocdt_h12_day_minus1,688,-8.15320015,dSocdt,1
12,21,0,0,dSocdt_h13_day_minus1,689,-2.82730007,dSocdt,1
12,21,1,1,dSocdt_h20_day_minus1,696,-12.3331003,dSocdt,1
12,21,2,1,dSocdt_h8_day_minus2,632,-0.995899975,dSocdt,2
12,22,0,0,dSocdt_h18_day_minus1,694,-2.92729998,dSocdt,1
12,22,1,1,dSocdt_h23_day_minus1,699,-18.9979,dSocdt,1
12,22,2,1,dSocdt_h15_day_minus1,691,-9.84560013,dSocdt,1
12,23,0,0,dSocdt_h13_day_minus2,637,-3.96659994,dSocdt,2
12,23,1,1,dSocdt_h14_day_minus1,690,-12.6991997,dSocdt,1
12,23,2,1,dSocdt_h16_day_minus1,692,-4.37699986,dSocdt,1
12,24,0,0,dSocdt_h4_day_minus1,680,-0.184,dSocdt,1
12,24,1,1,dSocdt_h13_day_minus2,637,-12.5900002,dSocdt,2
12,24,2,1,Soc_h23_day_minus1,723,97.1779022,Soc,1
13,0,0,0,dSocdt_h19_day_minus1,695,-1.3865,dSocdt,1
13,0,1,1,dSocdt_h17_day_minus1,693,-10.5318003,dSocdt,1
13,0,2,1,dSocdt_h3_day_minus1,679,-0.410299987,dSocdt,1
13,1,0,0,dSocdt_h19_day_minus1,695,-1.3865,dSocdt,1
13,1,1,1,dSocdt_h17_day_minus1,693,-10.5318003,dSocdt,1
13,1,2,1,dSocdt_h4_day_minus1,680,-0.184,dSocdt,1
13,2,0,0,dSocdt_h12_day_minus1,688,-1.87880003,dSocdt,1
13,2,1,1,dSocdt_h15_day_minus2,639,-9.54039955,dSocdt,2
13,2,2,1,dSocdt_h16_day_minus1,692,-1.10669994,dSocdt,1
13,3,0,0,dSocdt_h12_day_minus1,688,-1.87880003,dSocdt,1
13,3,1,1,dSocdt_h17_day_minus1,693,-6.35179996,dSocdt,1
13,3,2,1,dSocdt_h16_day_minus1,692,-0.921199977,dSocdt,1
13,4,0,0,dSocdt_h19_day_minus1,695,-2.40779996,dSocdt,1
13,4,1,1,dSocdt_h17_day_minus1,693,-13.6803999,dSocdt,1
13,4,2,1,dSocdt_h17_day_minus2,641,-3.49489999,dSocdt,2
13,5,0,0,dSocdt_h15_day_minus1,691,-1.73459995,dSocdt,1
13,5,1,1,dSocdt_h15_day_minus1,691,-6.50369978,dSocdt,1
13,5,2,1,dSocdt_h19_day_minus2,643,-9.12450027,dSocdt,2
13,6,0,0,dSocdt_h12_day_minus1,688,-1.87880003,dSocdt,1
13,6,1,1,dSocdt_h17_day_minus1,693,-7.28579998,dSocdt,1
13,6,2,1,dSocdt_h20_day_minus1,696,-1.72549999,dSocdt,1
13,7,0,0,dSocdt_h19_day_minus1,695,-2.89369988,dSocdt,1
13,7,1,1,dSocdt_h20_day_minus1,696,-15.2250996,dSocdt,1
13,7,2,1,dSocdt_h4_day_minus1,680,-0.184,dSocdt,1
13,8,0,0,dSocdt_h12_day_minus1,688,-2.37100005,dSocdt,1
13,8,1,1,dSocdt_h23_day_minus1,699,-20.2516003,dSocdt,1
13,8,2,1,dSocdt_h16_day_minus1,692,-2.56019998,dSocdt,1
13,9,0,0,dSocdt_h19_day_minus1,695,-2.89369988,dSocdt,1
13,9,1,1,dSocdt_h18_day_minus2,642,-13.0959997,dSocdt,2
13,9,2,1,dSocdt_h15_day_minus1,691,-4.81960011,dSocdt,1
13,10,0,0,dSocdt_h15_day_minus1,691,-1.90719998,dSocdt,1
13,10,1,1,dSocdt_h15_day_minus1,691,-6.49209976,dSocdt,1
13,10,2,1,dSocdt_h12_day_minus1,688,-3.7651999,dSocdt,1
13,11,0,0,dSocdt_h20_day_minus1,696,-2.47259998,dSocdt,1
13,11,1,1,dSocdt_h20_day_minus4,540,-13.9003,dSocdt,4
13,11,2,1,dSocdt_h17_day_minus1,693,-0.184,dSocdt,1
13,12,0,0,dSocdt_h20_day_minus1,696,-5.01739979,dSocdt,1
13,12,1,1,dSocdt_h23_day_minus2,647,-5.73210001,dSocdt,2
13,12,2,1,dSocdt_h18_day_minus1,694,-0.636799991,dSocdt,1
13,13,0,0,dSocdt_h12_day_minus1,688,-2.37100005,dSocdt,1
13,13,1,1,dSocdt_h23_day_minus1,699,-20.2516003,dSocdt,1
13,13,2,1,dSocdt_h20_day_minus1,696,-4.15859985,dSocdt,1
13,14,0,0,dSocdt_h19_day_minus1,695,-2.89369988,dSocdt,1
13,14,1,1,dSocdt_h15_day_minus2,639,-9.93179989,dSocdt,2
13,14,2,1,dSocdt_h13_day_minus2,637,-3.3836,dSocdt,2
13,15,0,0,dSocdt_h12_day_minus1,688,-1.87880003,dSocdt,1
13,15,1,1,dSocdt_h15_day_minus2,639,-9.54039955,dSocdt,2
13,15,2,1,month_day_minus1,726,6.0,Date,1
13,16,0,0,dSocdt_h15_day_minus1,691,-1.90719998,dSocdt,1
13,16,1,1,dSocdt_h13_day_minus2,637,-7.87930012,dSocdt,2
13,16,2,1,dSocdt_h19_day_minus2,643,-9.12450027,dSocdt,2
13,17,0,0,dSocdt_h12_day_minus1,688,-3.12249994,dSocdt,1
13,17,1,1,Soc_h16_day_minus1,716,15.7876997,Soc,1
13,17,2,1,dSocdt_h16_day_minus2,640,-0.56220001,dSocdt,2
13,18,0,0,dSocdt_h20_day_minus1,696,-5.01739979,dSocdt,1
13,18,1,1,dSocdt_h22_day_minus2,646,-10.5966997,dSocdt,2
13,18,2,1,dSocdt_h15_day_minus3,587,-2.56159997,dSocdt,3
13,19,0,0,dSocdt_h13_day_minus2,637,-3.3750999,dSocdt,2
13,19,1,1,Soc_h16_day_minus1,716,16.7481995,Soc,1
13,19,2,1,dSocdt_h15_day_minus1,691,-3.96889997,dSocdt,1
13,20,0,0,month_day_minus1,726,6.0,Date,1
13,20,1,1,Soc_h2_day_minus2,650,97.8872986,Soc,2
13,20,2,1,dSocdt_h18_day_minus1,694,-3.74830008,dSocdt,1
13,21,0,0,dSocdt_h20_day_minus1,696,-5.01739979,dSocdt,1
13,21,1,1,dSocdt_h22_day_minus2,646,-10.5966997,dSocdt,2
13,21,2,1,dSocdt_h17_day_minus1,693,-5.55140018,dSocdt,1
13,22,0,0,month_day_minus1,726,6.0,Date,1
13,22,1,1,Soc_h2_day_minus2,650,97.8872986,Soc,2
13,22,2,1,dSocdt_h18_day_minus1,694,-3.74830008,dSocdt,1
13,23,0,0,dSocdt_h15_day_minus1,691,-3.96889997,dSocdt,1
13,23,1,1,dSocdt_h13_day_minus7,377,-8.9715004,dSocdt,7
13,23,2,1,dSocdt_h13_day_minus2,637,-3.3836,dSocdt,2
13,24,0,0,month_day_minus1,726,6.0,Date,1
13,24,1,1,Soc_h2_day_minus2,650,97.8872986,Soc,2
13,24,2,1,dSocdt_h18_day_minus1,694,-3.74830008,dSocdt,1
14,0,0,0,dSocdt_h19_day_minus1,695,-2.94059992,dSocdt,1
14,0,1,1,dSocdt_h17_day_minus1,693,-13.6803999,dSocdt,1
14,0,2,1,dSocdt_h3_day_minus1,679,-0.413899988,dSocdt,1
14,1,0,0,dSocdt_h19_day_minus1,695,-0.970300019,dSocdt,1
14,1,1,1,dSocdt_h14_day_minus4,534,-11.0716,dSocdt,4
14,1,2,1,dSocdt_h15_day_minus1,691,-0.607500017,dSocdt,1
14,2,0,0,dSocdt_h19_day_minus1,695,-2.94059992,dSocdt,1
14,2,1,1,dSocdt_h5_day_minus3,577,-1.75049996,dSocdt,3
14,2,2,1,dSocdt_h21_day_minus1,697,-1.27970004,dSocdt,1
14,3,0,0,dSocdt_h19_day_minus1,695,-2.94059992,dSocdt,1
14,3,1,1,dSocdt_h17_day_minus1,693,-13.6803999,dSocdt,1
14,3,2,1,dSocdt_h3_day_minus1,679,-0.413899988,dSocdt,1
14,4,0,0,dSocdt_h19_day_minus1,695,-2.94059992,dSocdt,1
14,4,1,1,dSocdt_h17_day_minus1,693,-13.6803999,dSocdt,1
14,4,2,1,dSocdt_h4_day_minus1,680,-0.413899988,dSocdt,1
14,5,0,0,dSocdt_h15_day_minus1,691,-2.66969991,dSocdt,1
14,5,1,1,dSocdt_h14_day_minus7,378,-11.1021996,dSocdt,7
14,5,2,1,dSocdt_h18_day_minus1,694,-9.74289989,dSocdt,1
14,6,0,0,dSocdt_h19_day_minus1,695,-0.948000014,dSocdt,1
14,6,1,1,dSocdt_h19_day_minus7,383,-14.4680004,dSocdt,7
14,6,2,1,dSocdt_h12_day_minus1,688,-3.00990009,dSocdt,1
14,7,0,0,dSocdt_h19_day_minus1,695,-2.94059992,dSocdt,1
14,7,1,1,dSocdt_h5_day_minus3,577,-1.75049996,dSocdt,3
14,7,2,1,dSocdt_h3_day_minus1,679,-0.413899988,dSocdt,1
14,8,0,0,dSocdt_h15_day_minus1,691,-2.66969991,dSocdt,1
14,8,1,1,dSocdt_h5_day_minus4,525,-5.80830002,dSocdt,4
14,8,2,1,dSocdt_h13_day_minus1,689,-3.72880006,dSocdt,1
14,9,0,0,dSocdt_h19_day_minus1,695,-2.94059992,dSocdt,1
14,9,1,1,dSocdt_h14_day_minus1,690,-6.52750015,dSocdt,1
14,9,2,1,dSocdt_h15_day_minus1,691,-0.607500017,dSocdt,1
14,10,0,0,dSocdt_h19_day_minus1,695,-2.94059992,dSocdt,1
14,10,1,1,dSocdt_h14_day_minus1,690,-6.52750015,dSocdt,1
14,10,2,1,dSocdt_h3_day_minus1,679,-0.413899988,dSocdt,1
14,11,0,0,dSocdt_h19_day_minus1,695,-2.94059992,dSocdt,1
14,11,1,1,dSocdt_h17_day_minus1,693,-13.6803999,dSocdt,1
14,11,2,1,dSocdt_h21_day_minus1,697,-1.27970004,dSocdt,1
14,12,0,0,dSocdt_h15_day_minus1,691,-2.66969991,dSocdt,1
14,12,1,1,dSocdt_h19_day_minus7,383,-14.4680004,dSocdt,7
14,12,2,1,dSocdt_h18_day_minus1,694,-9.74289989,dSocdt,1
14,13,0,0,dSocdt_h19_day_minus1,695,-2.94059992,dSocdt,1
14,13,1,1,dSocdt_h5_day_minus1,681,-1.57140005,dSocdt,1
14,13,2,1,dSocdt_h7_day_minus1,683,-0.911899984,dSocdt,1
14,14,0,0,dSocdt_h19_day_minus1,695,-2.94059992,dSocdt,1
14,14,1,1,dSocdt_h22_day_minus1,698,-17.5846004,dSocdt,1
14,14,2,1,dSocdt_h6_day_minus2,630,-0.811699986,dSocdt,2
14,15,0,0,dSocdt_h15_day_minus1,691,-2.66969991,dSocdt,1
14,15,1,1,Soc_h11_day_minus1,711,7.05900002,Soc,1
14,15,2,1,dSocdt_h19_day_minus4,539,-12.6749001,dSocdt,4
14,16,0,0,dSocdt_h20_day_minus1,696,-4.33209991,dSocdt,1
14,16,1,1,dSocdt_h5_day_minus1,681,-1.57140005,dSocdt,1
14,16,2,1,dSocdt_h8_day_minus2,632,-2.1566,dSocdt,2
14,17,0,0,dSocdt_h0_day_minus1,676,-3.63630009,dSocdt,1
14,17,1,1,dSocdt_h19_day_minus1,695,-12.6749001,dSocdt,1
14,17,2,1,dSocdt_h11_day_minus1,687,-3.48539996,dSocdt,1
14,18,0,0,dSocdt_h20_day_minus1,696,-2.30010009,dSocdt,1
14,18,1,1,dSocdt_h5_day_minus1,681,-1.4842,dSocdt,1
14,18,2,1,dSocdt_h7_day_minus2,631,-2.16400003,dSocdt,2
14,19,0,0,dSocdt_h6_day_minus1,682,-1.28659999,dSocdt,1
14,19,1,1,dSocdt_h22_day_minus3,594,-12.6992998,dSocdt,3
14,19,2,1,dSocdt_h20_day_minus1,696,-2.03579998,dSocdt,1
14,20,0,0,dSocdt_h8_day_minus1,684,-0.902999997,dSocdt,1
14,20,1,1,Soc_h9_day_minus1,709,7.06930017,Soc,1
14,20,2,1,dSocdt_h17_day_minus1,693,-6.35179996,dSocdt,1
14,21,0,0,dSocdt_h15_day_minus1,691,-5.74959993,dSocdt,1
14,21,1,1,dSocdt_h22_day_minus1,698,-19.3911991,dSocdt,1
14,21,2,1,dSocdt_h18_day_minus1,694,-10.1289997,dSocdt,1
14,22,0,0,dSocdt_h19_day_minus1,695,-3.67339993,dSocdt,1
14,22,1,1,dSocdt_h5_day_minus1,681,-1.4842,dSocdt,1
14,22,2,1,dSocdt_h13_day_minus3,585,-3.82800007,dSocdt,3
14,23,0,0,dSocdt_h0_day_minus1,676,-3.63630009,dSocdt,1
14,23,1,1,dSocdt_h19_day_minus1,695,-12.6749001,dSocdt,1
14,23,2,1,dSocdt_h16_day_minus1,692,-2.46169996,dSocdt,1
14,24,0,0,dSocdt_h8_day_minus1,684,-0.902999997,dSocdt,1
14,24,1,1,Soc_h9_day_minus1,709,7.06930017,Soc,1
14,24,2,1,dSocdt_h19_day_minus2,643,-8.37660027,dSocdt,2
15,0,0,0,dSocdt_h19_day_minus1,695,-3.02719998,dSocdt,1
15,0,1,1,dSocdt_h19_day_minus1,695,-8.11590004,dSocdt,1
15,0,2,1,dSocdt_h15_day_minus1,691,-0.70389998,dSocdt,1
15,1,0,0,dSocdt_h19_day_minus1,695,-3.02719998,dSocdt,1
15,1,1,1,dSocdt_h22_day_minus1,698,-20.4645996,dSocdt,1
15,1,2,1,dSocdt_h21_day_minus1,697,-2.33229995,dSocdt,1
15,2,0,0,dSocdt_h19_day_minus1,695,-3.02719998,dSocdt,1
15,2,1,1,dSocdt_h19_day_minus1,695,-8.60050011,dSocdt,1
15,2,2,1,dSocdt_h21_day_minus1,697,-1.27970004,dSocdt,1
15,3,0,0,dSocdt_h19_day_minus1,695,-3.02719998,dSocdt,1
15,3,1,1,dSocdt_h19_day_minus1,695,-8.60050011,dSocdt,1
15,3,2,1,dSocdt_h3_day_minus1,679,-0.5097,dSocdt,1
15,4,0,0,dSocdt_h19_day_minus1,695,-3.02719998,dSocdt,1
15,4,1,1,dSocdt_h22_day_minus1,698,-20.4645996,dSocdt,1
15,4,2,1,dSocdt_h20_day_minus1,696,-18.7535992,dSocdt,1
15,5,0,0,dSocdt_h4_day_minus1,680,-0.299800009,dSocdt,1
15,5,1,1,dSocdt_h13_day_minus1,689,-0.0684999973,dSocdt,1
15,5,2,1,dSocdt_h14_day_minus1,690,-2.04819989,dSocdt,1
15,6,0,0,dSocdt_h19_day_minus1,695,-3.02719998,dSocdt,1
15,6,1,1,dSocdt_h22_day_minus1,698,-20.4645996,dSocdt,1
15,6,2,1,dSocdt_h21_day_minus1,697,-2.33229995,dSocdt,1
15,7,0,0,dSocdt_h19_day_minus1,695,-3.02719998,dSocdt,1
15,7,1,1,dSocdt_h19_day_minus1,695,-8.11590004,dSocdt,1
15,7,2,1,dSocdt_h16_day_minus2,640,-12.0157003,dSocdt,2
15,8,0,0,dSocdt_h8_day_minus1,684,-0.835699975,dSocdt,1
15,8,1,1,dSocdt_h18_day_minus5,486,-15.7742004,dSocdt,5
15,8,2,1,dSocdt_h17_day_minus1,693,-4.10610008,dSocdt,1
15,9,0,0,dSocdt_h20_day_minus1,696,-4.22340012,dSocdt,1
15,9,1,1,dSocdt_h18_day_minus5,486,-15.7742004,dSocdt,5
15,9,2,1,dSocdt_h15_day_minus1,691,-0.70389998,dSocdt,1
15,10,0,0,dSocdt_h23_day_minus1,699,-4.46649981,dSocdt,1
15,10,1,1,dSocdt_h13_day_minus1,689,-0.275200009,dSocdt,1
15,10,2,1,dSocdt_h3_day_minus1,679,-0.574299991,dSocdt,1
15,11,0,0,dSocdt_h20_day_minus1,696,-3.74230003,dSocdt,1
15,11,1,1,dSocdt_h20_day_minus4,540,-19.6646004,dSocdt,4
15,11,2,1,dSocdt_h15_day_minus1,691,-4.02930021,dSocdt,1
15,12,0,0,dSocdt_h8_day_minus1,684,-0.835699975,dSocdt,1
15,12,1,1,dSocdt_h19_day_minus1,695,-8.22210026,dSocdt,1
15,12,2,1,dSocdt_h17_day_minus1,693,-4.10610008,dSocdt,1
15,13,0,0,dSocdt_h8_day_minus1,684,-0.835699975,dSocdt,1
15,13,1,1,dSocdt_h19_day_minus1,695,-8.22210026,dSocdt,1
15,13,2,1,dSocdt_h17_day_minus1,693,-4.10610008,dSocdt,1
15,14,0,0,dSocdt_h23_day_minus1,699,-4.15199995,dSocdt,1
15,14,1,1,dSocdt_h13_day_minus1,689,-0.275200009,dSocdt,1
15,14,2,1,dSocdt_h14_day_minus2,638,-5.75540018,dSocdt,2
15,15,0,0,dSocdt_h4_day_minus1,680,-0.423000008,dSocdt,1
15,15,1,1,dSocdt_h19_day_minus1,695,-8.11590004,dSocdt,1
15,15,2,1,dSocdt_h15_day_minus2,639,-9.93179989,dSocdt,2
15,16,0,0,dSocdt_h20_day_minus1,696,-4.22340012,dSocdt,1
15,16,1,1,dSocdt_h18_day_minus5,486,-15.7742004,dSocdt,5
15,16,2,1,dSocdt_h23_day_minus1,699,-0.600499988,dSocdt,1
15,17,0,0,dSocdt_h0_day_minus1,676,-3.43560004,dSocdt,1
15,17,1,1,dSocdt_h20_day_minus4,540,-19.6646004,dSocdt,4
15,17,2,1,dSocdt_h14_day_minus1,690,-6.12989998,dSocdt,1
15,18,0,0,dSocdt_h7_day_minus2,631,-0.784300029,dSocdt,2
15,18,1,1,dSocdt_h18_day_minus5,486,-15.7742004,dSocdt,5
15,18,2,1,dSocdt_h11_day_minus1,687,-4.82420015,dSocdt,1
15,19,0,0,dSocdt_h8_day_minus1,684,-0.835699975,dSocdt,1
15,19,1,1,dSocdt_h20_day_minus1,696,-10.4000998,dSocdt,1
15,19,2,1,dSocdt_h17_day_minus1,693,-4.10610008,dSocdt,1
15,20,0,0,dSocdt_h7_day_minus2,631,-0.784300029,dSocdt,2
15,20,1,1,dSocdt_h18_day_minus5,486,-15.7742004,dSocdt,5
15,20,2,1,dSocdt_h19_day_minus1,695,-3.02719998,dSocdt,1
15,21,0,0,dSocdt_h23_day_minus1,699,-6.07889986,dSocdt,1
15,21,1,1,Soc_h13_day_minus3,609,97.9738007,Soc,3
15,21,2,1,dSocdt_h12_day_minus1,688,-2.84660006,dSocdt,1
15,22,0,0,dSocdt_h23_day_minus1,699,-4.46649981,dSocdt,1
15,22,1,1,dSocdt_h13_day_minus1,689,-0.275200009,dSocdt,1
15,22,2,1,dSocdt_h16_day_minus3,588,-12.0157003,dSocdt,3
15,23,0,0,dSocdt_h0_day_minus1,676,-3.43560004,dSocdt,1
15,23,1,1,dSocdt_h20_day_minus4,540,-19.6646004,dSocdt,4
15,23,2,1,dSocdt_h14_day_minus1,690,-6.12989998,dSocdt,1
15,24,0,0,dSocdt_h8_day_minus1,684,-0.835699975,dSocdt,1
15,24,1,1,dSocdt_h9_day_minus1,685,-11.5528002,dSocdt,1
15,24,2,1,dSocdt_h11_day_minus1,687,-6.08459997,dSocdt,1
16,0,0,0,dSocdt_h19_day_minus1,695,-2.88720012,dSocdt,1
16,0,1,1,dSocdt_h19_day_minus1,695,-8.22210026,dSocdt,1
16,0,2,1,dSocdt_h21_day_minus1,697,-1.27970004,dSocdt,1
16,1,0,0,dSocdt_h19_day_minus1,695,-2.88720012,dSocdt,1
16,1,1,1,dSocdt_h12_day_minus2,636,-12.3472996,dSocdt,2
16,1,2,1,dSocdt_h21_day_minus1,697,-1.27970004,dSocdt,1
16,2,0,0,dSocdt_h19_day_minus1,695,-2.88720012,dSocdt,1
16,2,1,1,dSocdt_h19_day_minus1,695,-8.22210026,dSocdt,1
16,2,2,1,dSocdt_h21_day_minus1,697,-1.27970004,dSocdt,1
16,3,0,0,dSocdt_h14_day_minus1,690,-2.61730003,dSocdt,1
16,3,1,1,dSocdt_h19_day_minus1,695,-8.22210026,dSocdt,1
16,3,2,1,dSocdt_h21_day_minus1,697,-2.33229995,dSocdt,1
16,4,0,0,dSocdt_h14_day_minus1,690,-2.55110002,dSocdt,1
16,4,1,1,dSocdt_h19_day_minus1,695,-8.22210026,dSocdt,1
16,4,2,1,dSocdt_h20_day_minus1,696,-1.15799999,dSocdt,1
16,5,0,0,dSocdt_h14_day_minus1,690,-2.67580009,dSocdt,1
16,5,1,1,dSocdt_h12_day_minus2,636,-12.3472996,dSocdt,2
16,5,2,1,dSocdt_h20_day_minus1,696,-1.15799999,dSocdt,1
16,6,0,0,dSocdt_h19_day_minus1,695,-2.88720012,dSocdt,1
16,6,1,1,Soc_h13_day_minus1,713,99.3510971,Soc,1
16,6,2,1,dSocdt_h9_day_minus1,685,-0.412600011,dSocdt,1
16,7,0,0,dSocdt_h19_day_minus1,695,-2.88720012,dSocdt,1
16,7,1,1,dSocdt_h12_day_minus2,636,-12.3472996,dSocdt,2
16,7,2,1,dSocdt_h8_day_minus1,684,-0.574299991,dSocdt,1
16,8,0,0,dSocdt_h14_day_minus1,690,-2.67580009,dSocdt,1
16,8,1,1,dSocdt_h12_day_minus2,636,-12.3472996,dSocdt,2
16,8,2,1,dSocdt_h22_day_minus1,698,-1.09430003,dSocdt,1
16,9,0,0,dSocdt_h19_day_minus1,695,-2.88720012,dSocdt,1
16,9,1,1,Soc_h13_day_minus1,713,99.3510971,Soc,1
16,9,2,1,dSocdt_h9_day_minus1,685,-0.524800003,dSocdt,1
16,10,0,0,dSocdt_h14_day_minus1,690,-2.67580009,dSocdt,1
16,10,1,1,dSocdt_h19_day_minus1,695,-8.22210026,dSocdt,1
16,10,2,1,dSocdt_h21_day_minus1,697,-2.33229995,dSocdt,1
16,11,0,0,dSocdt_h14_day_minus1,690,-2.67580009,dSocdt,1
16,11,1,1,dSocdt_h19_day_minus1,695,-8.22210026,dSocdt,1
16,11,2,1,dSocdt_h20_day_minus1,696,-1.15799999,dSocdt,1
16,12,0,0,dSocdt_h20_day_minus1,696,-2.92619991,dSocdt,1
16,12,1,1,dSocdt_h12_day_minus2,636,-13.3327999,dSocdt,2
16,12,2,1,day_day_minus3,621,22.0,Date,3
16,13,0,0,dSocdt_h14_day_minus1,690,-2.67580009,dSocdt,1
16,13,1,1,dSocdt_h19_day_minus1,695,-8.22210026,dSocdt,1
16,13,2,1,dSocdt_h20_day_minus1,696,-4.38129997,dSocdt,1
16,14,0,0,dSocdt_h14_day_minus1,690,-2.47900009,dSocdt,1
16,14,1,1,dSocdt_h12_day_minus2,636,-12.3472996,dSocdt,2
16,14,2,1,day_day_minus1,725,24.0,Date,1
16,15,0,0,dSocdt_h19_day_minus1,695,-2.95779991,dSocdt,1
16,15,1,1,Soc_h13_day_minus1,713,99.3510971,Soc,1
16,15,2,1,dSocdt_h9_day_minus1,685,-2.91059995,dSocdt,1
16,16,0,0,dSocdt_h20_day_minus1,696,-3.74230003,dSocdt,1
16,16,1,1,dSocdt_h19_day_minus1,695,-8.22210026,dSocdt,1
16,16,2,1,day_day_minus1,725,24.0,Date,1
16,17,0,0,dSocdt_h14_day_minus1,690,-2.67580009,dSocdt,1
16,17,1,1,Soc_h13_day_minus1,713,99.3510971,Soc,1
16,17,2,1,dSocdt_h8_day_minus1,684,-0.657299995,dSocdt,1
16,18,0,0,dSocdt_h14_day_minus1,690,-2.67580009,dSocdt,1
16,18,1,1,dSocdt_h19_day_minus1,695,-8.22210026,dSocdt,1
16,18,2,1,dSocdt_h16_day_minus1,692,-1.28929996,dSocdt,1
16,19,0,0,dSocdt_h20_day_minus1,696,-4.35300016,dSocdt,1
16,19,1,1,day_day_minus1,725,29.0,Date,1
16,19,2,1,dSocdt_h18_day_minus1,694,-16.6926003,dSocdt,1
16,20,0,0,dSocdt_h19_day_minus1,695,-2.86249995,dSocdt,1
16,20,1,1,Soc_h9_day_minus1,709,4.24329996,Soc,1
16,20,2,1,dSocdt_h13_day_minus2,637,-3.69210005,dSocdt,2
16,21,0,0,dSocdt_h14_day_minus1,690,-2.67580009,dSocdt,1
16,21,1,1,Soc_h13_day_minus1,713,99.3510971,Soc,1
16,21,2,1,day_day_minus4,569,21.0,Date,4
16,22,0,0,dSocdt_h19_day_minus1,695,-2.86249995,dSocdt,1
16,22,1,1,dSocdt_h13_day_minus1,689,-1.77310002,dSocdt,1
16,22,2,1,dSocdt_h13_day_minus2,637,-3.86500001,dSocdt,2
16,23,0,0,dSocdt_h20_day_minus1,696,-4.35300016,dSocdt,1
16,23,1,1,dSocdt_h19_day_minus1,695,-8.22210026,dSocdt,1
16,23,2,1,dSocdt_h18_day_minus1,694,-16.6926003,dSocdt,1
16,24,0,0,dSocdt_h15_day_minus1,691,-1.17509997,dSocdt,1
16,24,1,1,dSocdt_h12_day_minus2,636,-12.3472996,dSocdt,2
16,24,2,1,dSocdt_h5_day_minus2,629,-1.07190001,dSocdt,2
17,0,0,0,dSocdt_h19_day_minus1,695,-1.16079998,dSocdt,1
17,0,1,1,Soc_h10_day_minus1,710,2.92840004,Soc,1
17,0,2,1,dSocdt_h8_day_minus1,684,-0.524299979,dSocdt,1
17,1,0,0,dSocdt_h19_day_minus1,695,-1.16079998,dSocdt,1
17,1,1,1,dSocdt_h15_day_minus1,691,-10.1099005,dSocdt,1
17,1,2,1,dSocdt_h8_day_minus1,684,-0.524299979,dSocdt,1
17,2,0,0,dSocdt_h19_day_minus1,695,-1.16079998,dSocdt,1
17,2,1,1,Soc_h10_day_minus1,710,2.92840004,Soc,1
17,2,2,1,dSocdt_h8_day_minus1,684,-0.524299979,dSocdt,1
17,3,0,0,dSocdt_h19_day_minus1,695,-2.95779991,dSocdt,1
17,3,1,1,dSocdt_h17_day_minus1,693,-16.1056995,dSocdt,1
17,3,2,1,dSocdt_h23_day_minus1,699,-0.687699974,dSocdt,1
17,4,0,0,dSocdt_h19_day_minus1,695,-2.95779991,dSocdt,1
17,4,1,1,dSocdt_h17_day_minus1,693,-16.1056995,dSocdt,1
17,4,2,1,dSocdt_h20_day_minus1,696,-1.15799999,dSocdt,1
17,5,0,0,dSocdt_h20_day_minus1,696,-2.19659996,dSocdt,1
17,5,1,1,dSocdt_h15_day_minus1,691,-9.84560013,dSocdt,1
17,5,2,1,dSocdt_h12_day_minus1,688,-2.53390002,dSocdt,1
17,6,0,0,dSocdt_h19_day_minus1,695,-2.95779991,dSocdt,1
17,6,1,1,Soc_h13_day_minus3,609,82.7480011,Soc,3
17,6,2,1,dSocdt_h17_day_minus1,693,-0.686999977,dSocdt,1
17,7,0,0,dSocdt_h20_day_minus1,696,-2.19659996,dSocdt,1
17,7,1,1,dSocdt_h19_day_minus3,591,-8.40639973,dSocdt,3
17,7,2,1,dSocdt_h12_day_minus1,688,-2.53390002,dSocdt,1
17,8,0,0,dSocdt_h20_day_minus1,696,-2.19659996,dSocdt,1
17,8,1,1,dSocdt_h15_day_minus1,691,-9.84560013,dSocdt,1
17,8,2,1,dSocdt_h14_day_minus1,690,-2.28320003,dSocdt,1
17,9,0,0,dSocdt_h19_day_minus1,695,-2.95779991,dSocdt,1
17,9,1,1,dSocdt_h15_day_minus1,691,-10.1099005,dSocdt,1
17,9,2,1,dSocdt_h13_day_minus2,637,-3.69210005,dSocdt,2
17,10,0,0,dSocdt_h16_day_minus1,692,-1.28929996,dSocdt,1
17,10,1,1,dSocdt_h14_day_minus2,638,-9.39190006,dSocdt,2
17,10,2,1,dSocdt_h3_day_minus1,679,-0.517799973,dSocdt,1
17,11,0,0,dSocdt_h19_day_minus1,695,-2.95779991,dSocdt,1
17,11,1,1,dSocdt_h17_day_minus1,693,-16.1056995,dSocdt,1
17,11,2,1,dSocdt_h13_day_minus2,637,-3.69210005,dSocdt,2
17,12,0,0,dSocdt_h20_day_minus1,696,-2.19659996,dSocdt,1
17,12,1,1,dSocdt_h19_day_minus3,591,-7.02820015,dSocdt,3
17,12,2,1,dSocdt_h12_day_minus1,688,-5.42229986,dSocdt,1
17,13,0,0,dSocdt_h19_day_minus1,695,-2.99860001,dSocdt,1
17,13,1,1,dSocdt_h17_day_minus1,693,-16.1056995,dSocdt,1
17,13,2,1,dSocdt_h23_day_minus1,699,-0.687699974,dSocdt,1
17,14,0,0,dSocdt_h16_day_minus1,692,-1.28929996,dSocdt,1
17,14,1,1,dSocdt_h20_day_minus1,696,-10.8079004,dSocdt,1
17,14,2,1,dSocdt_h9_day_minus1,685,-5.40770006,dSocdt,1
17,15,0,0,dSocdt_h19_day_minus1,695,-2.99860001,dSocdt,1
17,15,1,1,dSocdt_h8_day_minus5,476,-4.0310998,dSocdt,5
17,15,2,1,dSocdt_h13_day_minus2,637,-3.69210005,dSocdt,2
17,16,0,0,dSocdt_h20_day_minus1,696,-1.35950005,dSocdt,1
17,16,1,1,dSocdt_h15_day_minus1,691,-10.1099005,dSocdt,1
17,16,2,1,dSocdt_h12_day_minus1,688,-7.29150009,dSocdt,1
17,17,0,0,dSocdt_h19_day_minus1,695,-4.61210012,dSocdt,1
17,17,1,1,dSocdt_h16_day_minus1,692,-5.01919985,dSocdt,1
17,17,2,1,dSocdt_h7_day_minus1,683,-1.0237,dSocdt,1
17,18,0,0,dSocdt_h7_day_minus2,631,-0.796899974,dSocdt,2
17,18,1,1,dSocdt_h3_day_minus2,627,-1.64240003,dSocdt,2
17,18,2,1,dSocdt_h19_day_minus1,695,-2.99860001,dSocdt,1
17,19,0,0,dSocdt_h7_day_minus2,631,-0.796899974,dSocdt,2
17,19,1,1,dSocdt_h19_day_minus3,591,-7.02820015,dSocdt,3
17,19,2,1,dSocdt_h17_day_minus1,693,-1.43760002,dSocdt,1
17,20,0,0,dSocdt_h17_day_minus1,693,-1.43760002,dSocdt,1
17,20,1,1,Soc_h10_day_minus1,710,2.92840004,Soc,1
17,20,2,1,dSocdt_h21_day_minus1,697,-11.5058002,dSocdt,1
17,21,0,0,dSocdt_h16_day_minus1,692,-1.28929996,dSocdt,1
17,21,1,1,dSocdt_h20_day_minus1,696,-10.8079004,dSocdt,1
17,21,2,1,dSocdt_h7_day_minus3,579,-4.48250008,dSocdt,3
17,22,0,0,dSocdt_h19_day_minus1,695,-4.61210012,dSocdt,1
17,22,1,1,Soc_h17_day_minus1,717,8.84889984,Soc,1
17,22,2,1,dSocdt_h7_day_minus1,683,-1.0237,dSocdt,1
17,23,0,0,dSocdt_h3_day_minus1,679,-0.517799973,dSocdt,1
17,23,1,1,Soc_h13_day_minus3,609,82.7480011,Soc,3
17,23,2,1,dSocdt_h22_day_minus1,698,-1.70710003,dSocdt,1
17,24,0,0,dSocdt_h7_day_minus2,631,-0.796899974,dSocdt,2
17,24,1,1,dSocdt_h2_day_minus3,574,-6.65280008,dSocdt,3
17,24,2,1,dSocdt_h19_day_minus1,695,-2.99860001,dSocdt,1
18,0,0,0,dSocdt_h20_day_minus1,696,-2.14669991,dSocdt,1
18,0,1,1,dSocdt_h15_day_minus1,691,-7.13810015,dSocdt,1
18,0,2,1,dSocdt_h17_day_minus1,693,-4.10610008,dSocdt,1
18,1,0,0,dSocdt_h14_day_minus1,690,-1.69760001,dSocdt,1
18,1,1,1,dSocdt_h15_day_minus1,691,-6.09880018,dSocdt,1
18,1,2,1,dSocdt_h12_day_minus1,688,-0.812399983,dSocdt,1
18,2,0,0,dSocdt_h20_day_minus1,696,-2.14669991,dSocdt,1
18,2,1,1,dSocdt_h16_day_minus1,692,-10.6056995,dSocdt,1
18,2,2,1,dSocdt_h12_day_minus1,688,-7.33379984,dSocdt,1
18,3,0,0,dSocdt_h14_day_minus1,690,-1.69760001,dSocdt,1
18,3,1,1,dSocdt_h21_day_minus3,593,-19.8645992,dSocdt,3
18,3,2,1,dSocdt_h3_day_minus1,679,-0.413899988,dSocdt,1
18,4,0,0,dSocdt_h20_day_minus1,696,-2.14669991,dSocdt,1
18,4,1,1,dSocdt_h16_day_minus1,692,-8.65279961,dSocdt,1
18,4,2,1,dSocdt_h17_day_minus1,693,-4.10610008,dSocdt,1
18,5,0,0,dSocdt_h14_day_minus1,690,-1.69760001,dSocdt,1
18,5,1,1,dSocdt_h15_day_minus1,691,-6.09880018,dSocdt,1
18,5,2,1,dSocdt_h3_day_minus1,679,-0.693700016,dSocdt,1
18,6,0,0,dSocdt_h20_day_minus1,696,-2.14669991,dSocdt,1
18,6,1,1,dSocdt_h15_day_minus1,691,-7.13810015,dSocdt,1
18,6,2,1,dSocdt_h12_day_minus1,688,-7.33379984,dSocdt,1
18,7,0,0,dSocdt_h20_day_minus1,696,-2.14669991,dSocdt,1
18,7,1,1,dSocdt_h12_day_minus7,376,-16.4025993,dSocdt,7
18,7,2,1,dSocdt_h17_day_minus1,693,-4.10610008,dSocdt,1
18,8,0,0,dSocdt_h14_day_minus1,690,-2.31340003,dSocdt,1
18,8,1,1,dSocdt_h19_day_minus2,643,-9.57509995,dSocdt,2
18,8,2,1,dSocdt_h12_day_minus1,688,-0.812399983,dSocdt,1
18,9,0,0,dSocdt_h9_day_minus1,685,-0.819800019,dSocdt,1
18,9,1,1,dSocdt_h15_day_minus1,691,-7.26669979,dSocdt,1
18,9,2,1,dSocdt_h20_day_minus1,696,-2.1802001,dSocdt,1
18,10,0,0,dSocdt_h14_day_minus1,690,-2.31340003,dSocdt,1
18,10,1,1,dSocdt_h16_day_minus1,692,-9.61550045,dSocdt,1
18,10,2,1,dSocdt_h12_day_minus1,688,-2.53390002,dSocdt,1
18,11,0,0,dSocdt_h14_day_minus1,690,-2.31340003,dSocdt,1
18,11,1,1,dSocdt_h19_day_minus2,643,-9.57509995,dSocdt,2
18,11,2,1,dSocdt_h3_day_minus1,679,-0.444299996,dSocdt,1
18,12,0,0,dSocdt_h9_day_minus1,685,-0.819800019,dSocdt,1
18,12,1,1,dSocdt_h15_day_minus1,691,-7.26669979,dSocdt,1
18,12,2,1,dSocdt_h12_day_minus1,688,-0.812399983,dSocdt,1
18,13,0,0,dSocdt_h9_day_minus1,685,-0.87440002,dSocdt,1
18,13,1,1,dSocdt_h17_day_minus1,693,-16.1056995,dSocdt,1
18,13,2,1,dSocdt_h12_day_minus1,688,-0.812399983,dSocdt,1
18,14,0,0,dSocdt_h20_day_minus1,696,-2.14669991,dSocdt,1
18,14,1,1,dSocdt_h15_day_minus1,691,-10.3379002,dSocdt,1
18,14,2,1,dSocdt_h12_day_minus1,688,-7.33379984,dSocdt,1
18,15,0,0,dSocdt_h15_day_minus1,691,-5.55420017,dSocdt,1
18,15,1,1,dSocdt_h10_day_minus6,426,-15.2573004,dSocdt,6
18,15,2,1,dSocdt_h9_day_minus1,685,-0.819800019,dSocdt,1
18,16,0,0,dSocdt_h20_day_minus1,696,-2.14669991,dSocdt,1
18,16,1,1,dSocdt_h15_day_minus1,691,-10.7292004,dSocdt,1
18,16,2,1,dSocdt_h12_day_minus1,688,-7.33379984,dSocdt,1
18,17,0,0,dSocdt_h9_day_minus1,685,-0.819800019,dSocdt,1
18,17,1,1,dSocdt_h10_day_minus2,634,-6.48199987,dSocdt,2
18,17,2,1,dSocdt_h12_day_minus1,688,-0.812399983,dSocdt,1
18,18,0,0,dSocdt_h15_day_minus2,639,-2.04940009,dSocdt,2
18,18,1,1,dSocdt_h19_day_minus2,643,-9.76169968,dSocdt,2
18,18,2,1,dSocdt_h21_day_minus1,697,-0.410400003,dSocdt,1
18,19,0,0,dSocdt_h3_day_minus1,679,-0.812099993,dSocdt,1
18,19,1,1,dSocdt_h17_day_minus1,693,-16.1056995,dSocdt,1
18,19,2,1,Soc_h5_day_minus1,705,97.3554001,Soc,1
18,20,0,0,dSocdt_h15_day_minus1,691,-5.55420017,dSocdt,1
18,20,1,1,dSocdt_h10_day_minus2,634,-16.5018997,dSocdt,2
18,20,2,1,dSocdt_h17_day_minus1,693,-1.49430001,dSocdt,1
18,21,0,0,dSocdt_h19_day_minus2,643,-3.66739988,dSocdt,2
18,21,1,1,dSocdt_h12_day_minus7,376,-11.7237997,dSocdt,7
18,21,2,1,dSocdt_h9_day_minus1,685,-14.5230999,dSocdt,1
18,22,0,0,dSocdt_h15_day_minus1,691,-5.55420017,dSocdt,1
18,22,1,1,dSocdt_h10_day_minus2,634,-16.5018997,dSocdt,2
18,22,2,1,dSocdt_h13_day_minus1,689,-3.35879993,dSocdt,1
18,23,0,0,dSocdt_h9_day_minus1,685,-0.836799979,dSocdt,1
18,23,1,1,dSocdt_h0_day_minus3,572,-16.0421009,dSocdt,3
18,23,2,1,dSocdt_h19_day_minus3,591,-4.86590004,dSocdt,3
18,24,0,0,dSocdt_h3_day_minus1,679,-0.812099993,dSocdt,1
18,24,1,1,dSocdt_h0_day_minus3,572,-16.0421009,dSocdt,3
18,24,2,1,dSocdt_h19_day_minus1,695,-1.48169994,dSocdt,1
19,0,0,0,dSocdt_h14_day_minus1,690,-2.31340003,dSocdt,1
19,0,1,1,dSocdt_h20_day_minus1,696,-15.2250996,dSocdt,1
19,0,2,1,dSocdt_h19_day_minus1,695,-2.60150003,dSocdt,1
19,1,0,0,dSocdt_h14_day_minus1,690,-2.31340003,dSocdt,1
19,1,1,1,dSocdt_h20_day_minus1,696,-15.2250996,dSocdt,1
19,1,2,1,dSocdt_h19_day_minus1,695,-1.31330001,dSocdt,1
19,2,0,0,dSocdt_h19_day_minus1,695,-2.44269991,dSocdt,1
19,2,1,1,dSocdt_h19_day_minus2,643,-12.8289003,dSocdt,2
19,2,2,1,dSocdt_h21_day_minus1,697,-2.28349996,dSocdt,1
19,3,0,0,dSocdt_h14_day_minus1,690,-2.31340003,dSocdt,1
19,3,1,1,dSocdt_h20_day_minus2,644,-14.6322002,dSocdt,2
19,3,2,1,dSocdt_h19_day_minus1,695,-2.89369988,dSocdt,1
19,4,0,0,dSocdt_h14_day_minus1,690,-2.37840009,dSocdt,1
19,4,1,1,dSocdt_h20_day_minus1,696,-15.2250996,dSocdt,1
19,4,2,1,dSocdt_h20_day_minus1,696,-2.03579998,dSocdt,1
19,5,0,0,dSocdt_h14_day_minus1,690,-2.31340003,dSocdt,1
19,5,1,1,dSocdt_h20_day_minus1,696,-15.4714003,dSocdt,1
19,5,2,1,dSocdt_h20_day_minus1,696,-2.09369993,dSocdt,1
19,6,0,0,dSocdt_h19_day_minus1,695,-2.44269991,dSocdt,1
19,6,1,1,dSocdt_h0_day_minus3,572,-7.25449991,dSocdt,3
19,6,2,1,dSocdt_h21_day_minus1,697,-1.9878,dSocdt,1
19,7,0,0,dSocdt_h19_day_minus1,695,-2.44269991,dSocdt,1
19,7,1,1,dSocdt_h19_day_minus2,643,-12.8289003,dSocdt,2
19,7,2,1,dSocdt_h21_day_minus1,697,-2.28349996,dSocdt,1
19,8,0,0,dSocdt_h14_day_minus1,690,-2.41709995,dSocdt,1
19,8,1,1,dSocdt_h20_day_minus1,696,-15.2250996,dSocdt,1
19,8,2,1,dSocdt_h20_day_minus1,696,-2.09369993,dSocdt,1
19,9,0,0,dSocdt_h14_day_minus1,690,-2.41709995,dSocdt,1
19,9,1,1,dSocdt_h14_day_minus1,690,-8.17140007,dSocdt,1
19,9,2,1,dSocdt_h5_day_minus1,681,-0.410400003,dSocdt,1
19,10,0,0,dSocdt_h21_day_minus1,697,-7.19089985,dSocdt,1
19,10,1,1,dSocdt_h5_day_minus1,681,-0.963500023,dSocdt,1
19,10,2,1,dSocdt_h16_day_minus1,692,-0.962000012,dSocdt,1
19,11,0,0,dSocdt_h14_day_minus1,690,-2.31340003,dSocdt,1
19,11,1,1,dSocdt_h20_day_minus1,696,-15.4714003,dSocdt,1
19,11,2,1,dSocdt_h19_day_minus1,695,-2.89369988,dSocdt,1
19,12,0,0,dSocdt_h21_day_minus1,697,-7.19089985,dSocdt,1
19,12,1,1,dSocdt_h19_day_minus5,487,-11.9989996,dSocdt,5
19,12,2,1,dSocdt_h16_day_minus1,692,-1.02409995,dSocdt,1
19,13,0,0,dSocdt_h14_day_minus1,690,-2.45689988,dSocdt,1
19,13,1,1,dSocdt_h22_day_minus1,698,-16.8915997,dSocdt,1
19,13,2,1,dSocdt_h3_day_minus1,679,-0.413899988,dSocdt,1
19,14,0,0,dSocdt_h21_day_minus1,697,-7.19089985,dSocdt,1
19,14,1,1,dSocdt_h20_day_minus3,592,-14.6322002,dSocdt,3
19,14,2,1,dSocdt_h16_day_minus1,692,-0.962000012,dSocdt,1
19,15,0,0,dSocdt_h14_day_minus1,690,-2.45689988,dSocdt,1
19,15,1,1,dSocdt_h20_day_minus2,644,-14.6322002,dSocdt,2
19,15,2,1,dSocdt_h12_day_minus2,636,-13.9039001,dSocdt,2
19,16,0,0,dSocdt_h21_day_minus1,697,-7.19089985,dSocdt,1
19,16,1,1,dSocdt_h19_day_minus5,487,-11.9989996,dSocdt,5
19,16,2,1,dSocdt_h9_day_minus1,685,-0.959399998,dSocdt,1
19,17,0,0,dSocdt_h5_day_minus1,681,-0.963500023,dSocdt,1
19,17,1,1,dSocdt_h21_day_minus1,697,-7.19089985,dSocdt,1
19,17,2,1,dSocdt_h11_day_minus1,687,-1.91849995,dSocdt,1
19,18,0,0,dSocdt_h14_day_minus1,690,-8.17140007,dSocdt,1
19,18,1,1,dSocdt_h22_day_minus1,698,-17.5846004,dSocdt,1
19,18,2,1,dSocdt_h18_day_minus1,694,-0.574299991,dSocdt,1
19,19,0,0,dSocdt_h6_day_minus1,682,-0.929499984,dSocdt,1
19,19,1,1,dSocdt_h14_day_minus3,586,-9.82660007,dSocdt,3
19,19,2,1,dSocdt_h17_day_minus1,693,-0.574299991,dSocdt,1
19,20,0,0,dSocdt_h5_day_minus1,681,-0.998300016,dSocdt,1
19,20,1,1,dSocdt_h16_day_minus7,380,-12.0157003,dSocdt,7
19,20,2,1,dSocdt_h12_day_minus2,636,-16.4025993,dSocdt,2
19,21,0,0,dSocdt_h21_day_minus1,697,-7.19089985,dSocdt,1
19,21,1,1,dSocdt_h20_day_minus5,488,-20.8064995,dSocdt,5
19,21,2,1,dSocdt_h16_day_minus1,692,-2.28509998,dSocdt,1
19,22,0,0,dSocdt_h22_day_minus2,646,-7.77640009,dSocdt,2
19,22,1,1,Soc_h22_day_minus5,514,87.1427994,Soc,5
19,22,2,1,dSocdt_h13_day_minus2,637,-8.8828001,dSocdt,2
19,23,0,0,dSocdt_h14_day_minus1,690,-8.17140007,dSocdt,1
19,23,1,1,day_day_minus2,673,30.0,Date,2
19,23,2,1,dSocdt_h21_day_minus1,697,-2.10899997,dSocdt,1
19,24,0,0,dSocdt_h20_day_minus1,696,-9.49629974,dSocdt,1
19,24,1,1,Soc_h13_day_minus5,505,92.1958008,Soc,5
19,24,2,1,dSocdt_h15_day_minus1,691,-5.58710003,dSocdt,1
20,0,0,0,dSocdt_h19_day_minus1,695,-2.81579995,dSocdt,1
20,0,1,1,dSocdt_h20_day_minus1,696,-12.3331003,dSocdt,1
20,0,2,1,dSocdt_h14_day_minus1,690,-2.37840009,dSocdt,1
20,1,0,0,dSocdt_h20_day_minus1,696,-2.1802001,dSocdt,1
20,1,1,1,dSocdt_h20_day_minus1,696,-8.14920044,dSocdt,1
20,1,2,1,dSocdt_h15_day_minus1,691,-4.48040009,dSocdt,1
20,2,0,0,dSocdt_h19_day_minus1,695,-2.81579995,dSocdt,1
20,2,1,1,dSocdt_h20_day_minus1,696,-12.3331003,dSocdt,1
20,2,2,1,dSocdt_h21_day_minus1,697,-2.28349996,dSocdt,1
20,3,0,0,dSocdt_h19_day_minus1,695,-2.8131001,dSocdt,1
20,3,1,1,dSocdt_h21_day_minus2,645,-10.2879,dSocdt,2
20,3,2,1,dSocdt_h14_day_minus1,690,-2.37840009,dSocdt,1
20,4,0,0,dSocdt_h20_day_minus1,696,-2.92619991,dSocdt,1
20,4,1,1,dSocdt_h20_day_minus1,696,-8.14920044,dSocdt,1
20,4,2,1,dSocdt_h11_day_minus1,687,-4.77540016,dSocdt,1
20,5,0,0,dSocdt_h20_day_minus1,696,-2.1802001,dSocdt,1
20,5,1,1,dSocdt_h15_day_minus1,691,-8.26739979,dSocdt,1
20,5,2,1,dSocdt_h18_day_minus2,642,-9.74289989,dSocdt,2
20,6,0,0,dSocdt_h5_day_minus1,681,-0.866699994,dSocdt,1
20,6,1,1,dSocdt_h19_day_minus2,643,-9.35449982,dSocdt,2
20,6,2,1,dSocdt_h20_day_minus1,696,-1.15799999,dSocdt,1
20,7,0,0,dSocdt_h5_day_minus1,681,-0.866699994,dSocdt,1
20,7,1,1,dSocdt_h19_day_minus2,643,-9.35449982,dSocdt,2
20,7,2,1,dSocdt_h20_day_minus1,696,-1.15799999,dSocdt,1
20,8,0,0,dSocdt_h15_day_minus1,691,-3.22390008,dSocdt,1
20,8,1,1,dSocdt_h14_day_minus1,690,-8.5447998,dSocdt,1
20,8,2,1,dSocdt_h20_day_minus1,696,-6.91489983,dSocdt,1
20,9,0,0,dSocdt_h20_day_minus2,644,-7.25279999,dSocdt,2
20,9,1,1,dSocdt_h19_day_minus2,643,-12.6749001,dSocdt,2
20,9,2,1,dSocdt_h20_day_minus1,696,-2.27390003,dSocdt,1
20,10,0,0,dSocdt_h20_day_minus2,644,-7.25279999,dSocdt,2
20,10,1,1,Soc_h18_day_minus2,666,88.1054001,Soc,2
20,10,2,1,dSocdt_h19_day_minus1,695,-2.94059992,dSocdt,1
20,11,0,0,dSocdt_h15_day_minus1,691,-3.79870009,dSocdt,1
20,11,1,1,dSocdt_h18_day_minus2,642,-8.72060013,dSocdt,2
20,11,2,1,dSocdt_h20_day_minus1,696,-2.14669991,dSocdt,1
20,12,0,0,dSocdt_h15_day_minus1,691,-3.79870009,dSocdt,1
20,12,1,1,dSocdt_h14_day_minus1,690,-12.2047005,dSocdt,1
20,12,2,1,dSocdt_h20_day_minus1,696,-7.06669998,dSocdt,1
20,13,0,0,dSocdt_h5_day_minus1,681,-0.866699994,dSocdt,1
20,13,1,1,dSocdt_h19_day_minus2,643,-9.35449982,dSocdt,2
20,13,2,1,dSocdt_h21_day_minus1,697,-13.8853998,dSocdt,1
20,14,0,0,dSocdt_h20_day_minus2,644,-7.25279999,dSocdt,2
20,14,1,1,dSocdt_h19_day_minus2,643,-12.6749001,dSocdt,2
20,14,2,1,dSocdt_h20_day_minus1,696,-2.1802001,dSocdt,1
20,15,0,0,dSocdt_h20_day_minus1,696,-8.14920044,dSocdt,1
20,15,1,1,dSocdt_h23_day_minus2,647,-12.8086004,dSocdt,2
20,15,2,1,dSocdt_h5_day_minus1,681,-0.962199986,dSocdt,1
20,16,0,0,dSocdt_h20_day_minus2,644,-7.25279999,dSocdt,2
20,16,1,1,Soc_h17_day_minus2,665,91.094101,Soc,2
20,16,2,1,dSocdt_h19_day_minus1,695,-2.94059992,dSocdt,1
20,17,0,0,dSocdt_h15_day_minus1,691,-3.86610007,dSocdt,1
20,17,1,1,dSocdt_h14_day_minus1,690,-12.2047005,dSocdt,1
20,17,2,1,dSocdt_h8_day_minus1,684,-0.687300026,dSocdt,1
20,18,0,0,dSocdt_h20_day_minus2,644,-7.25279999,dSocdt,2
20,18,1,1,dSocdt_h19_day_minus2,643,-12.6749001,dSocdt,2
20,18,2,1,dSocdt_h16_day_minus1,692,-1.02409995,dSocdt,1
20,19,0,0,dSocdt_h15_day_minus1,691,-3.22390008,dSocdt,1
20,19,1,1,dSocdt_h18_day_minus2,642,-8.72060013,dSocdt,2
20,19,2,1,dSocdt_h21_day_minus1,697,-7.07429981,dSocdt,1
20,20,0,0,dSocdt_h19_day_minus2,643,-9.35449982,dSocdt,2
20,20,1,1,dSocdt_h7_day_minus4,527,-3.40420008,dSocdt,4
20,20,2,1,dSocdt_h19_day_minus1,695,-2.95779991,dSocdt,1
20,21,0,0,dSocdt_h20_day_minus1,696,-8.14920044,dSocdt,1
20,21,1,1,dSocdt_h22_day_minus3,594,-16.6399994,dSocdt,3
20,21,2,1,dSocdt_h11_day_minus1,687,-6.17609978,dSocdt,1
20,22,0,0,dSocdt_h23_day_minus2,647,-8.33850002,dSocdt,2
20,22,1,1,dSocdt_h15_day_minus1,691,-8.60990047,dSocdt,1
20,22,2,1,dSocdt_h23_day_minus1,699,-11.1849003,dSocdt,1
20,23,0,0,dSocdt_h15_day_minus1,691,-8.05300045,dSocdt,1
20,23,1,1,dSocdt_h21_day_minus2,645,-11.7708998,dSocdt,2
20,23,2,1,dSocdt_h15_day_minus2,639,-13.9884996,dSocdt,2
20,24,0,0,dSocdt_h14_day_minus1,690,-8.5447998,dSocdt,1
20,24,1,1,dSocdt_h12_day_minus1,688,-2.06080008,dSocdt,1
20,24,2,1,month_day_minus1,726,6.0,Date,1
21,0,0,0,dSocdt_h20_day_minus1,696,-2.19659996,dSocdt,1
21,0,1,1,dSocdt_h11_day_minus3,583,-18.2322006,dSocdt,3
21,0,2,1,dSocdt_h15_day_minus1,691,-2.89680004,dSocdt,1
21,1,0,0,dSocdt_h20_day_minus1,696,-2.19659996,dSocdt,1
21,1,1,1,dSocdt_h20_day_minus4,540,-19.6646004,dSocdt,4
21,1,2,1,dSocdt_h15_day_minus1,691,-2.80189991,dSocdt,1
21,2,0,0,dSocdt_h20_day_minus1,696,-2.53530002,dSocdt,1
21,2,1,1,dSocdt_h17_day_minus2,641,-4.85419989,dSocdt,2
21,2,2,1,dSocdt_h23_day_minus1,699,-5.09450006,dSocdt,1
21,3,0,0,dSocdt_h15_day_minus1,691,-1.50839996,dSocdt,1
21,3,1,1,dSocdt_h0_day_minus1,676,-16.0421009,dSocdt,1
21,3,2,1,dSocdt_h21_day_minus1,697,-4.00640011,dSocdt,1
21,4,0,0,dSocdt_h20_day_minus1,696,-2.53530002,dSocdt,1
21,4,1,1,dSocdt_h20_day_minus4,540,-19.6646004,dSocdt,4
21,4,2,1,dSocdt_h23_day_minus1,699,-5.09450006,dSocdt,1
21,5,0,0,dSocdt_h4_day_minus1,680,-0.484299988,dSocdt,1
21,5,1,1,dSocdt_h20_day_minus4,540,-19.6646004,dSocdt,4
21,5,2,1,dSocdt_h11_day_minus1,687,-0.94569999,dSocdt,1
21,6,0,0,dSocdt_h19_day_minus1,695,-2.47280002,dSocdt,1
21,6,1,1,dSocdt_h22_day_minus2,646,-11.3037996,dSocdt,2
21,6,2,1,dSocdt_h20_day_minus1,696,-2.53530002,dSocdt,1
21,7,0,0,dSocdt_h5_day_minus1,681,-0.887399971,dSocdt,1
21,7,1,1,Soc_h13_day_minus3,609,99.3510971,Soc,3
21,7,2,1,dSocdt_h11_day_minus1,687,-1.91849995,dSocdt,1
21,8,0,0,dSocdt_h14_day_minus1,690,-2.55110002,dSocdt,1
21,8,1,1,dSocdt_h23_day_minus1,699,-17.3925991,dSocdt,1
21,8,2,1,dSocdt_h20_day_minus1,696,-3.85640001,dSocdt,1
21,9,0,0,dSocdt_h19_day_minus1,695,-2.47280002,dSocdt,1
21,9,1,1,dSocdt_h19_day_minus1,695,-12.8289003,dSocdt,1
21,9,2,1,dSocdt_h21_day_minus1,697,-2.26559997,dSocdt,1
21,10,0,0,dSocdt_h5_day_minus1,681,-0.887399971,dSocdt,1
21,10,1,1,dSocdt_h20_day_minus4,540,-19.6646004,dSocdt,4
21,10,2,1,dSocdt_h11_day_minus1,687,-1.94379997,dSocdt,1
21,11,0,0,dSocdt_h15_day_minus1,691,-1.50839996,dSocdt,1
21,11,1,1,dSocdt_h0_day_minus1,676,-16.0421009,dSocdt,1
21,11,2,1,dSocdt_h20_day_minus1,696,-6.91489983,dSocdt,1
21,12,0,0,dSocdt_h14_day_minus1,690,-2.55110002,dSocdt,1
21,12,1,1,dSocdt_h22_day_minus2,646,-11.3037996,dSocdt,2
21,12,2,1,dSocdt_h20_day_minus1,696,-3.85640001,dSocdt,1
21,13,0,0,dSocdt_h19_day_minus1,695,-3.59669995,dSocdt,1
21,13,1,1,dSocdt_h18_day_minus1,694,-10.9008999,dSocdt,1
21,13,2,1,dSocdt_h20_day_minus1,696,-14.6322002,dSocdt,1
21,14,0,0,dSocdt_h15_day_minus1,691,-3.18000007,dSocdt,1
21,14,1,1,Soc_h7_day_minus1,707,21.5319996,Soc,1
21,14,2,1,dSocdt_h20_day_minus1,696,-3.85640001,dSocdt,1
21,15,0,0,dSocdt_h5_day_minus1,681,-0.891499996,dSocdt,1
21,15,1,1,Soc_h13_day_minus3,609,99.3510971,Soc,3
21,15,2,1,dSocdt_h11_day_minus1,687,-1.94379997,dSocdt,1
21,16,0,0,dSocdt_h14_day_minus2,638,-2.4986999,dSocdt,2
21,16,1,1,dSocdt_h20_day_minus4,540,-19.6646004,dSocdt,4
21,16,2,1,dSocdt_h21_day_minus1,697,-4.67609978,dSocdt,1
21,17,0,0,dSocdt_h14_day_minus1,690,-2.55110002,dSocdt,1
21,17,1,1,dSocdt_h23_day_minus2,647,-13.7574997,dSocdt,2
21,17,2,1,dSocdt_h0_day_minus1,676,-16.0421009,dSocdt,1
21,18,0,0,dSocdt_h5_day_minus1,681,-0.891499996,dSocdt,1
21,18,1,1,Soc_h13_day_minus3,609,99.3510971,Soc,3
21,18,2,1,dSocdt_h11_day_minus1,687,-1.94379997,dSocdt,1
21,19,0,0,dSocdt_h15_day_minus1,691,-3.18000007,dSocdt,1
21,19,1,1,dSocdt_h18_day_minus2,642,-6.6164999,dSocdt,2
21,19,2,1,dSocdt_h12_day_minus1,688,-4.65980005,dSocdt,1
21,20,0,0,dSocdt_h17_day_minus2,641,-4.59959984,dSocdt,2
21,20,1,1,dSocdt_h20_day_minus4,540,-15.2250996,dSocdt,4
21,20,2,1,dSocdt_h15_day_minus1,691,-3.18000007,dSocdt,1
21,21,0,0,dSocdt_h19_day_minus1,695,-3.59669995,dSocdt,1
21,21,1,1,dSocdt_h9_day_minus2,633,-12.3659,dSocdt,2
21,21,2,1,dSocdt_h20_day_minus1,696,-14.6322002,dSocdt,1
21,22,0,0,dSocdt_h5_day_minus1,681,-0.891499996,dSocdt,1
21,22,1,1,Soc_h13_day_minus3,609,99.3510971,Soc,3
21,22,2,1,dSocdt_h13_day_minus1,689,-6.18130016,dSocdt,1
21,23,0,0,dSocdt_h14_day_minus2,638,-6.20909977,dSocdt,2
21,23,1,1,dSocdt_h20_day_minus4,540,-19.6646004,dSocdt,4
21,23,2,1,dSocdt_h16_day_minus1,692,-1.31819999,dSocdt,1
21,24,0,0,dSocdt_h17_day_minus2,641,-4.7519002,dSocdt,2
21,24,1,1,dSocdt_h20_day_minus1,696,-12.0992002,dSocdt,1
21,24,2,1,dSocdt_h15_day_minus1,691,-3.18000007,dSocdt,1
22,0,0,0,dSocdt_h4_day_minus1,680,-0.697300017,dSocdt,1
22,0,1,1,dSocdt_h21_day_minus1,697,-11.7708998,dSocdt,1
22,0,2,1,dSocdt_h17_day_minus1,693,-1.33640003,dSocdt,1
22,1,0,0,dSocdt_h4_day_minus1,680,-0.697300017,dSocdt,1
22,1,1,1,dSocdt_h21_day_minus1,697,-11.7708998,dSocdt,1
22,1,2,1,dSocdt_h17_day_minus1,693,-1.33640003,dSocdt,1
22,2,0,0,dSocdt_h21_day_minus1,697,-2.20700002,dSocdt,1
22,2,1,1,Soc_h6_day_minus2,654,49.5438995,Soc,2
22,2,2,1,dSocdt_h19_day_minus1,695,-2.94059992,dSocdt,1
22,3,0,0,dSocdt_h4_day_minus1,680,-0.697300017,dSocdt,1
22,3,1,1,dSocdt_h0_day_minus1,676,-16.0421009,dSocdt,1
22,3,2,1,dSocdt_h23_day_minus1,699,-1.33560002,dSocdt,1
22,4,0,0,dSocdt_h4_day_minus1,680,-0.697300017,dSocdt,1
22,4,1,1,dSocdt_h19_day_minus1,695,-13.3069,dSocdt,1
22,4,2,1,dSocdt_h17_day_minus1,693,-1.33640003,dSocdt,1
22,5,0,0,dSocdt_h4_day_minus1,680,-0.697300017,dSocdt,1
22,5,1,1,dSocdt_h21_day_minus1,697,-11.7708998,dSocdt,1
22,5,2,1,dSocdt_h17_day_minus1,693,-0.673799992,dSocdt,1
22,6,0,0,dSocdt_h4_day_minus1,680,-0.697300017,dSocdt,1
22,6,1,1,dSocdt_h21_day_minus1,697,-11.7708998,dSocdt,1
22,6,2,1,day_day_minus3,621,22.0,Date,3
22,7,0,0,dSocdt_h21_day_minus1,697,-4.67609978,dSocdt,1
22,7,1,1,Soc_h7_day_minus2,655,48.6725998,Soc,2
22,7,2,1,dSocdt_h19_day_minus1,695,-0.275200009,dSocdt,1
22,8,0,0,dSocdt_h4_day_minus1,680,-0.697300017,dSocdt,1
22,8,1,1,dSocdt_h23_day_minus2,647,-7.88719988,dSocdt,2
22,8,2,1,dSocdt_h23_day_minus1,699,-6.62349987,dSocdt,1
22,9,0,0,dSocdt_h21_day_minus1,697,-2.20700002,dSocdt,1
22,9,1,1,Soc_h2_day_minus2,650,78.7998962,Soc,2
22,9,2,1,dSocdt_h19_day_minus1,695,-13.3069,dSocdt,1
22,10,0,0,dSocdt_h21_day_minus1,697,-4.67609978,dSocdt,1
22,10,1,1,Soc_h9_day_minus2,657,56.0825996,Soc,2
22,10,2,1,dSocdt_h23_day_minus1,699,-1.3527,dSocdt,1
22,11,0,0,dSocdt_h20_day_minus1,696,-2.47259998,dSocdt,1
22,11,1,1,dSocdt_h19_day_minus1,695,-13.3069,dSocdt,1
22,11,2,1,dSocdt_h23_day_minus1,699,-8.03180027,dSocdt,1
22,12,0,0,dSocdt_h4_day_minus1,680,-0.697300017,dSocdt,1
22,12,1,1,dSocdt_h23_day_minus2,647,-8.03250027,dSocdt,2
22,12,2,1,day_day_minus3,621,22.0,Date,3
22,13,0,0,dSocdt_h21_day_minus1,697,-4.67609978,dSocdt,1
22,13,1,1,Soc_h9_day_minus2,657,56.0825996,Soc,2
22,13,2,1,dSocdt_h0_day_minus1,676,-16.0421009,dSocdt,1
22,14,0,0,dSocdt_h4_day_minus1,680,-0.697300017,dSocdt,1
22,14,1,1,dSocdt_h0_day_minus1,676,-16.0421009,dSocdt,1
22,14,2,1,day_day_minus3,621,22.0,Date,3
22,15,0,0,dSocdt_h21_day_minus1,697,-4.67609978,dSocdt,1
22,15,1,1,Soc_h9_day_minus2,657,56.0825996,Soc,2
22,15,2,1,dSocdt_h0_day_minus1,676,-16.0421009,dSocdt,1
22,16,0,0,dSocdt_h23_day_minus1,699,-3.59120011,dSocdt,1
22,16,1,1,dSocdt_h19_day_minus1,695,-13.3069,dSocdt,1
22,16,2,1,dSocdt_h0_day_minus1,676,-17.4472008,dSocdt,1
22,17,0,0,dSocdt_h20_day_minus1,696,-2.47259998,dSocdt,1
22,17,1,1,dSocdt_h12_day_minus3,584,-12.3472996,dSocdt,3
22,17,2,1,dSocdt_h19_day_minus1,695,-3.59669995,dSocdt,1
22,18,0,0,dSocdt_h23_day_minus1,699,-3.59120011,dSocdt,1
22,18,1,1,dSocdt_h19_day_minus1,695,-13.3069,dSocdt,1
22,18,2,1,dSocdt_h14_day_minus1,690,-0.275200009,dSocdt,1
22,19,0,0,dSocdt_h23_day_minus1,699,-6.54080009,dSocdt,1
22,19,1,1,dSocdt_h21_day_minus1,697,-9.21220016,dSocdt,1
22,19,2,1,dSocdt_h20_day_minus1,696,-2.53530002,dSocdt,1
22,20,0,0,dSocdt_h23_day_minus2,647,-8.03250027,dSocdt,2
22,20,1,1,dSocdt_h8_day_minus2,632,-0.356299996,dSocdt,2
22,20,2,1,dSocdt_h13_day_minus2,637,-6.10790014,dSocdt,2
22,21,0,0,dSocdt_h6_day_minus2,630,-0.869400024,dSocdt,2
22,21,1,1,dSocdt_h13_day_minus2,637,-6.89099979,dSocdt,2
22,21,2,1,dSocdt_h23_day_minus1,699,-5.45039988,dSocdt,1
22,22,0,0,dSocdt_h4_day_minus1,680,-0.692700028,dSocdt,1
22,22,1,1,dSocdt_h11_day_minus1,687,-18.2322006,dSocdt,1
22,22,2,1,dSocdt_h23_day_minus1,699,-6.62349987,dSocdt,1
22,23,0,0,dSocdt_h21_day_minus1,697,-4.67609978,dSocdt,1
22,23,1,1,dSocdt_h1_day_minus2,625,-10.7720003,dSocdt,2
22,23,2,1,dSocdt_h0_day_minus1,676,-16.0421009,dSocdt,1
22,24,0,0,dSocdt_h22_day_minus4,542,-8.24069977,dSocdt,4
22,24,1,1,dSocdt_h0_day_minus5,468,-10.7874002,dSocdt,5
22,24,2,1,dSocdt_h22_day_minus2,646,-8.21450043,dSocdt,2
23,0,0,0,dSocdt_h23_day_minus1,699,-5.14249992,dSocdt,1
23,0,1,1,dSocdt_h0_day_minus2,624,-14.0193005,dSocdt,2
23,0,2,1,dSocdt_h21_day_minus1,697,-1.9878,dSocdt,1
23,1,0,0,dSocdt_h4_day_minus1,680,-0.697300017,dSocdt,1
23,1,1,1,dSocdt_h23_day_minus1,699,-9.46539974,dSocdt,1
23,1,2,1,dSocdt_h17_day_minus1,693,-0.70389998,dSocdt,1
23,2,0,0,dSocdt_h23_day_minus1,699,-2.5927999,dSocdt,1
23,2,1,1,dSocdt_h22_day_minus4,542,-12.7595997,dSocdt,4
23,2,2,1,dSocdt_h21_day_minus1,697,-3.65170002,dSocdt,1
23,3,0,0,dSocdt_h4_day_minus1,680,-0.697300017,dSocdt,1
23,3,1,1,dSocdt_h0_day_minus2,624,-14.0193005,dSocdt,2
23,3,2,1,dSocdt_h17_day_minus1,693,-0.673799992,dSocdt,1
23,4,0,0,dSocdt_h23_day_minus1,699,-5.14249992,dSocdt,1
23,4,1,1,dSocdt_h11_day_minus5,479,-14.2173004,dSocdt,5
23,4,2,1,dSocdt_h19_day_minus1,695,-2.19790006,dSocdt,1
23,5,0,0,dSocdt_h4_day_minus1,680,-0.697300017,dSocdt,1
23,5,1,1,dSocdt_h23_day_minus6,439,-9.44579983,dSocdt,6
23,5,2,1,dSocdt_h17_day_minus1,693,-1.43760002,dSocdt,1
23,6,0,0,dSocdt_h19_day_minus1,695,-2.98559999,dSocdt,1
23,6,1,1,dSocdt_h0_day_minus2,624,-14.0193005,dSocdt,2
23,6,2,1,dSocdt_h22_day_minus1,698,-2.57279992,dSocdt,1
23,7,0,0,dSocdt_h4_day_minus1,680,-0.697300017,dSocdt,1
23,7,1,1,dSocdt_h22_day_minus5,490,-14.1568003,dSocdt,5
23,7,2,1,dSocdt_h17_day_minus1,693,-1.43760002,dSocdt,1
23,8,0,0,dSocdt_h23_day_minus1,699,-5.14249992,dSocdt,1
23,8,1,1,dSocdt_h11_day_minus5,479,-14.2173004,dSocdt,5
23,8,2,1,dSocdt_h14_day_minus1,690,-2.47900009,dSocdt,1
23,9,0,0,dSocdt_h19_day_minus1,695,-2.98559999,dSocdt,1
23,9,1,1,dSocdt_h0_day_minus2,624,-14.0193005,dSocdt,2
23,9,2,1,dSocdt_h23_day_minus2,647,-18.9979,dSocdt,2
23,10,0,0,dSocdt_h23_day_minus1,699,-5.14249992,dSocdt,1
23,10,1,1,dSocdt_h23_day_minus1,699,-18.9979,dSocdt,1
23,10,2,1,dSocdt_h14_day_minus1,690,-2.47900009,dSocdt,1
23,11,0,0,dSocdt_h23_day_minus1,699,-5.14249992,dSocdt,1
23,11,1,1,dSocdt_h23_day_minus1,699,-18.9979,dSocdt,1
23,11,2,1,dSocdt_h21_day_minus1,697,-1.9878,dSocdt,1
23,12,0,0,dSocdt_h23_day_minus1,699,-5.93310022,dSocdt,1
23,12,1,1,dSocdt_h22_day_minus3,594,-15.8282003,dSocdt,3
23,12,2,1,dSocdt_h19_day_minus1,695,-2.95779991,dSocdt,1
23,13,0,0,dSocdt_h3_day_minus1,679,-0.77640003,dSocdt,1
23,13,1,1,dSocdt_h23_day_minus1,699,-18.9979,dSocdt,1
23,13,2,1,dSocdt_h22_day_minus1,698,-11.7895002,dSocdt,1
23,14,0,0,dSocdt_h11_day_minus1,687,-4.21810007,dSocdt,1
23,14,1,1,dSocdt_h14_day_minus1,690,-17.4249992,dSocdt,1
23,14,2,1,dSocdt_h22_day_minus1,698,-16.8915997,dSocdt,1
23,15,0,0,dSocdt_h23_day_minus1,699,-5.93310022,dSocdt,1
23,15,1,1,dSocdt_h11_day_minus5,479,-14.2173004,dSocdt,5
23,15,2,1,dSocdt_h22_day_minus1,698,-16.8915997,dSocdt,1
23,16,0,0,dSocdt_h19_day_minus1,695,-2.98559999,dSocdt,1
23,16,1,1,Soc_h22_day_minus2,670,27.0209007,Soc,2
23,16,2,1,dSocdt_h23_day_minus1,699,-17.3925991,dSocdt,1
23,17,0,0,dSocdt_h11_day_minus1,687,-4.21810007,dSocdt,1
23,17,1,1,dSocdt_h14_day_minus1,690,-17.4249992,dSocdt,1
23,17,2,1,dSocdt_h14_day_minus1,690,-2.47900009,dSocdt,1
23,18,0,0,dSocdt_h4_day_minus1,680,-0.697300017,dSocdt,1
23,18,1,1,dSocdt_h0_day_minus2,624,-14.0193005,dSocdt,2
23,18,2,1,dSocdt_h19_day_minus1,695,-14.4680004,dSocdt,1
23,19,0,0,dSocdt_h23_day_minus1,699,-2.69370008,dSocdt,1
23,19,1,1,dSocdt_h10_day_minus4,530,-14.2754002,dSocdt,4
23,19,2,1,dSocdt_h0_day_minus2,624,-8.25959969,dSocdt,2
23,20,0,0,dSocdt_h4_day_minus1,680,-0.697300017,dSocdt,1
23,20,1,1,dSocdt_h0_day_minus2,624,-14.0193005,dSocdt,2
23,20,2,1,dSocdt_h19_day_minus1,695,-14.4680004,dSocdt,1
23,21,0,0,dSocdt_h22_day_minus2,646,-7.29349995,dSocdt,2
23,21,1,1,Soc_h22_day_minus2,670,27.0209007,Soc,2
23,21,2,1,dSocdt_h22_day_minus5,490,-14.1568003,dSocdt,5
23,22,0,0,dSocdt_h11_day_minus1,687,-4.21810007,dSocdt,1
23,22,1,1,Soc_h16_day_minus3,612,99.0395966,Soc,3
23,22,2,1,dSocdt_h22_day_minus1,698,-16.8915997,dSocdt,1
23,23,0,0,dSocdt_h23_day_minus1,699,-5.93310022,dSocdt,1
23,23,1,1,dSocdt_h22_day_minus3,594,-15.8282003,dSocdt,3
23,23,2,1,dSocdt_h22_day_minus1,698,-16.8915997,dSocdt,1
23,24,0,0,dSocdt_h19_day_minus1,695,-2.98559999,dSocdt,1
23,24,1,1,dSocdt_h22_day_minus2,646,-8.2336998,dSocdt,2
23,24,2,1,dSocdt_h23_day_minus2,647,-18.9979,dSocdt,2
